title,author,published_year,subject,language,cover
"Les Prix de Vertu, fondés par M. de Montyon",Frédéric Lock,1876,"Montyon, Antoine-Jean-Baptiste-Robert Auget, baron de, 1733-1820., Prix de Vertu., Awards -- France., France -- Biography.",fre,https://covers.openlibrary.org/b/id/6324499-L.jpg
Teachers With Class... True Stories Of Great Teachers,"Marsha Serling Goldberg, Sonia Feldman",March 2003,"Teaching, Teacher-student relationships, Education, Education / Teaching, United States, Teaching Methods & Materials - General, Teachers, Education / General, Awards, General, Anecdotes",eng,https://covers.openlibrary.org/b/id/469736-L.jpg
Rock and Roll Hall of Fame 1994,Rock and Roll Hall of Fame Foundation,1994,"Rock and Roll Hall of Fame Foundation, History and criticism, Grateful Dead (Musical group), Animals (Musical group), Rock musicians, Awards, Rock music, Band (Musical group), Biography",eng,https://covers.openlibrary.org/b/id/9964834-L.jpg
Stories of heroism,B. Chakravorty,,"Biography, Military decorations, Armed Forces, Soldiers, History, Heroes, Juvenile literature, Awards, Medals, badges, decorations, Officers, India. Army",,
La colina vacía,Ana Arnáiz,,"Awards, Architecture, History, Sculptors, Architects, Monuments",,
The third annual Rock & Roll Hall of Fame induction dinner,Rock and Roll Hall of Fame Foundation,1988,"Supremes (Musical group), Beatles, Rock and Roll Hall of Fame Foundation, History and criticism, Beach Boys, Rock musicians, Awards, Drifters (Musical group), Rock music, Biography",eng,https://covers.openlibrary.org/b/id/10018469-L.jpg
Rock and Roll Hall of Fame 1990,Rock and Roll Hall of Fame Foundation,1990,"Kinks (Musical group), Platters (Musical group), Who (Musical group), Rock and Roll Hall of Fame Foundation, Simon and Garfunkel, History and criticism, Musicians, Awards, Four Seasons (Musical group), Rock music, Four Tops (Musical group), Biography",eng,https://covers.openlibrary.org/b/id/9531446-L.jpg
The Rock and Roll Hall of Fame eleventh annual induction dinner,Rock and Roll Hall of Fame Foundation,1996,"Rock and Roll Hall of Fame Foundation, Jefferson Airplane (Musical group), Rock musicians, Rock and Roll Hall of Fame and Museum, Pink Floyd (Musical group), Music museums, Shirelles (Musical group), Gladys Knight and the Pips, History and criticism, Awards, Velvet Underground (Musical group), Rock music, Biography",eng,https://covers.openlibrary.org/b/id/9811918-L.jpg
In the spirit of enterprise from the Rolex Awards,Gregory B. Stone,,"Inventions -- Awards., Science -- Awards.",,https://covers.openlibrary.org/b/id/9820276-L.jpg
Print's Best Logos & Symbols 4,"Linda Silver, Andrew Kner",March 1996,"Signs and symbols, United States, Commercial art, Trademark And Letterhead Design, Art & Art Instruction, Art, Techniques - Drawing, Logography, Advertising & Promotion, Commercial - General, Typography, Awards",eng,https://covers.openlibrary.org/b/id/8283319-L.jpg
The best American magazine writing 2010,"American Society of Magazine Editors, Mitch Albom",,"American prose literature, Periodicals, Journalism, Awards, Journalism, united states",,https://covers.openlibrary.org/b/id/14597943-L.jpg
College football awards,David Blevins,,"College football players, Football, Awards, College sports, Arbitration and award, Football players, College athletes",,
World Press Photo 1999,World Press,"July 1, 1999","Photojournalism, Photography, Photo Essays, Photographs: collections, Press & journalism, Yearbooks, annuals, almanacs, c 1990 to c 2000, Collections, Catalogs, Exhibitions",eng,https://covers.openlibrary.org/b/id/1261392-L.jpg
Discorso letto nella grande aula dell'Imperiale Regio Palazzo delle scienze e delle arti in occasione della solenne distribuzione de' premj dell'Imperiale Regia Accademia delle belle arti,"Accademia di belle arti (Milan, Italy)",,"Awards, Art, Speeches, addresses, etc., Italian, Accademia di belle arti (Milan, Italy)",,
Ausgezeichnete Innenarchitektur,Rudolf Schricker,,"Innenarchitektur, Designs and plans, Awards, Interior architecture, Deutscher Innenarchitekturpreis, Preisträger, Architects",,
דוד האפשטיין פרייז,"M. Tsanin, Fareyn fun Yidishe shraybers un zshurnalisṭn in Yiśroʼel, Doṿid Hofshṭeyn-prayz (2000 Tel-Aviv)",,"Awards, Yiddish Authors",,
El meu jurament de 1939,Josep Benet,,"Politics and government, Awards, Europe, history, Medals, Political persecution",,
Balzan's one hundred prize winners,International Balzan Foundation,,"Balzan Prize, Balzan Prize winners, Awards, International Balzan Foundation",,
Vertical cities Asia,National University of Singapore. School of Design and Environment,,"History, Congresses, Architecture, City planning, Architectural design, Research, Architecture, asia, City planning, asia, Tall buildings, Designs and plans, Awards, Exhibitions, Modern Architecture",,
Harvard Business Review Mckinsey Award Winners,Harvard Business School,,"Awards, Management, Industrial management, McKinsey Foundation for Management Research (New York, N.Y.), Harvard business review",,https://covers.openlibrary.org/b/id/7526721-L.jpg
Russkie boevye nagrady za otlichii︠a︡ v srazhenii︠a︡kh s napoleonovskoĭ Frant︠s︡ieĭ,V. Durov,,"Napoleonic Wars, 1800-1815, Medals, Decorations of honor, Catalogs, Awards, Gosudarstvennyĭ istoricheskiĭ muzeĭ (Moscow, Russia), Politics and government",,
Nobel Lectures,"Tore Frängsmyr, Irwin Abrams",February 1997,"Honours & decorations, Peace studies, c 1970 to c 1980, Political History, Awards, Prizes (General), Peace And Peace Movements, Science/Mathematics, Awards, Nobel Prizes, Peace",eng,https://covers.openlibrary.org/b/id/2298437-L.jpg
Pulitzer's Gold,Roy J. Harris Jr.,"January 17, 2008","Press & journalism, 20th century, Language Arts & Disciplines, Language Arts / Linguistics / Literacy, Language, USA, Journalism, History / United States, Awards, History, Pulitzer Prizes, United States",eng,https://covers.openlibrary.org/b/id/2657583-L.jpg
Sustentabilidade e inovaçao na habitaçao popular,"Altamir Tedeschi, Renato Basile",,"Domestic Architecture, Awards, Sustainable architecture, City planning, Low-income housing, Government policy, Urban poor, Housing",,
Nevin Aladağ,"Nevin Aladag, Astrid Nielsen, Hilke Wagner",,"Exhibitions, Sculpture, Awards, Performance art",,
Frances Mary Buss schools. North London Collegiate School for Girls,North London Collegiate Schools,,"Awards, Girls' schools, Girls, Education, History, Frances Mary Buss Schools, North London Collegiate School",,
"Charles ""Pete"" Conrad Astronomy Awards Act",United States. Congress. House. Committee on Science,,"Astronomy, Awards, Near-earth asteroids, Research",,
Zhurnalistika kak postupok,A. K. Simonov,2004,Journalism,rus,https://covers.openlibrary.org/b/id/8672638-L.jpg
Ad'A,"Oscar Buonamano, Domenico Potenza",,"Architecture, Architects, Awards, Catalogs, History, Exhibitions, Competitions",,
"Agli studiosi di pittura, scultura, e architettura dell'Accademia clementina",Giovanni Battista Roberti,,"Awards, Early works to 1800, Painting, Sculpture, Architecture, Accademia clementina, Accademia della scienze dell'Istituto di Bologna",,
Maria Roosen,Maria Roosen,,"Sculpture, europe, Sculpture, modern, 21st century, Sculpture, exhibitions, Awards, Criticism and interpretation, Dutch Art, Modern Art, Exhibitions, Glass art",,
Peras Goṭlib ṿe-Ḥanah Rozenblum le-omanuyot,Tel Aviv (Israel). Maḥlaḳah le-mofaʻim,,"Awards, Art, Intellectual life",,
Peras le-omanut ha-bamah,A. Z. Ben-Yishai,,"Theater, Art, Awards, Intellectual life",,
The Nobel Peace Prize,Fredrik S. Heffermehl,2010,,eng,https://covers.openlibrary.org/b/id/9938036-L.jpg
Kunst + Design,Hans Peter Hoch,,"Exhibitions, Stankowski-Preis, Awards, Commercial art, Stankowski-Stiftung",,
Ronald de Bloeme,Ronald de Bloeme,,"Painting, Awards, Exhibitions, Art, modern, 20th century, exhibitions, Painting, dutch, Dutch Painting, Color-field painting, Found objects (Art), Awnings in art",,
Sprache und Kommunikation im digitalen Zeitalter,Peter Schlobinski,,"Communication, Congresses, Awards, Linguistics, Multimedia communications, Language and languages",,
Audi Urban Future Award,STYLEPARK (Firm),,"Architecture, Awards, Modern Architecture",,
Junge Künstler der DDR und der UdSSR,Neue Berliner Galerie,,"German Art, Exhibitions, Awards, Soviet Art, Modern Art, Artists, Biography",,
Cyberarts 2010 Prix Ars Electronica,Hatje Cantz Publishers,,"Computer art, Video art, Technology and the arts, Digital art, Awards, Computer animation, Computer music, Competitions",,https://covers.openlibrary.org/b/id/7506664-L.jpg
2005 Onur Ödülü Altın Madalyası sahibi İhsan Doğramacı'ya armağan,Erdoğan Okyay,,"Vakıf Onur Ödülü Altın Madalyası, Universities and colleges, Higher education and state, College administrators, Biography, Pediatricians, Music, Study and teaching (Higher), Awards",,
The road to Stockholm,István Hargittai,2002,"Scientists -- Biography, Nobel Prizes, Science -- Awards",eng,https://covers.openlibrary.org/b/id/1135215-L.jpg
The Nobel Peace Prize and the laureates,Irwin Abrams,2001,"Pacifists -- Biography., Nobel Prizes -- History., Peace -- Awards -- History.",eng,https://covers.openlibrary.org/b/id/1637201-L.jpg
A pictorial history of the Canadian Film Awards,Maria Topalovich,1984,"Motion pictures -- Canada -- Awards, Motion pictures -- Canada -- Plots, themes, etc, Genie Awards",eng,https://covers.openlibrary.org/b/id/12312164-L.jpg
Discorso letto nella grande aula dell'Imperiale Regio Palazzo delle Scienze ed Arti in occasione della solenne distribuzione de' premj dell'Imperiale Regia Accademia delle belle arti,"Accademia di belle arti (Milan, Italy)",,"Awards, Art, Speeches, addresses, etc., Italian, Accademia di belle arti (Milan, Italy)",,
"Adaptation, Awards Culture, and the Value of Prestige","Colleen Kennedy-Karpat, Eric Sandberg","Aug 10, 2018",,,https://covers.openlibrary.org/b/id/10148016-L.jpg
Chongmyo paehyang kongsinnok,Ok-kyu Yi,,"Biography, History, Korea, Officials and employees, Awards, Chongmyo (Seoul, Korea)",,
A Century of Nobel Peace Prize Laureates 1901-2005,"Indiana University, Bloomington. Center for the Study of Global Change","October 30, 2006","POLITICS & GOVERNMENT, International Relations - Diplomacy, Peace, Political Freedom & Security - General, Political Science, Politics/International Relations",eng,https://covers.openlibrary.org/b/id/5371298-L.jpg
Congressional Award Act,United States. Congress. Senate. Committee on Homeland Security and Governmental Affairs,,"Congressional Award Board, Congressional Award Foundation (U.S.), Youth, Congressional Award, Awards",,
Les concurrents de J.-J. Rousseau à l'Académie de Dijon pour le prix de 1754 ..,Roger Tisserand,,"Academy des sciences et belles-lettres de Dijon, Académie des sciences, arts et belles lettres de Dijon (France), Equality, History, Natural law, Political science, Prizes, Awards",,
AIGA Graphic Design USA,AIGA,October 1983,"Graphic Arts - General, Art & Art Instruction",,https://covers.openlibrary.org/b/id/13209827-L.jpg
Tickets to fortune,Eric J. Bender,,"Awards, Lotteries",,
"1999, 19. Uluslararası Nasreddin Hoca Karikatür Yarışması",,,"Caricatures and cartoons, Awards, Exhibitions, Pictorial Wit and humor, Nasreddin Hoca (Legendary character), Congresses",,
"Exhibition record of the San Francisco Art Association, 1872-1915; Mechanics' Institute, 1857-1899; California State Agricultural Society, 1856-1902",Ellen Halteman,,"American Art, Art, Artists, Awards, California State Agricultural Society, California State Agricultural Society (Sacramento, Calif.), California State Fair and Exposition, Exhibitions, Indexes, Mechanics' Institute (San Francisco, Calif.), San Francisco Art Association, Societies",,
The Pulitzer Prize Archive - Supplements,"Heinz Dietrich Fischer, Heinz Fischer, Erika J. Fischer","June 30, 2007","Bibliographies & Indexes, Directories, Reference, Awards, Biography, History, Pulitzer Prizes, United States",eng,https://covers.openlibrary.org/b/id/14667826-L.jpg
The 16th annual Administrator's Awards for Excellence in Equal Employment Opportunity,United States Federal Aviation Administration,,"Awards, United States, United States. Federal Aviation Administration",,
High Society,Peter Cachola Schmal,"April 1, 2007","Architectural structure & design, Architectural Design, Commercial Buildings Architecture, Architecture, Public, Commercial, or Industrial Buildings, Architecture / Public, Commercial, or Industrial Buildings",eng,https://covers.openlibrary.org/b/id/2260006-L.jpg
Literature is freedom,Susan Sontag,2003,"Sontag, Susan, -- 1933-2004 -- Awards., Peace -- Awards.",eng,https://covers.openlibrary.org/b/id/4839765-L.jpg
The Booker book,Simon Brett,1989,"Commonwealth fiction (English) -- History and criticism., English fiction -- 20th century -- History and criticism., Commonwealth fiction (English) -- Awards -- History., English fiction -- 20th century -- Awards -- History., Booker Prize -- History.",eng,https://covers.openlibrary.org/b/id/4041987-L.jpg
"Europrix 99, multimedia art",,,"Multimedia systems, Computer programs, EuroPrix MultiMediaArt, Mulimedia systems, Awards",,
Ability counts,United States. President's Committee on Employment of the Handicapped.,,"Awards, Report writing, Employment, Handicapped, People with disabilities",,
Directions 88,,,"Awards, Commercial art",,
ARTHUR C. CLARKE AWARD: A CRITICAL ANTHOLOGY; ED. BY PAUL KINCAID,"Paul Kincaid, Andrew M. Butler",,"Science fiction, History and criticism, Awards",,
História do Prémio Valmor,José Manuel Pedreirinho,,"Architecture, History, Awards, Buildings, structures, Premio Valmor",,
Spazio pietra architettura =,Vincenzo Pavan,,"Modern Architecture, Stone Building, International Award Architecture in Stone, Awards, Stone buildings, Architecture, Competitions, Herzog & de Meuron, Afra e Tobia Scarpa (Firm)",,
The Guinness Book of Winners,Anne Marshall,October 1994,"General encyclopaedias, Reference works",eng,https://covers.openlibrary.org/b/id/11640517-L.jpg
The Best Ads Never Seen,Marcel Knobil,1993,,,https://covers.openlibrary.org/b/id/13323377-L.jpg
Remarks on the present state of agricultural science and the general means of improving the art of husbandry in the county of Hartford,Ethan Allen Andrews,,"Hartford County Agricultural Society (Conn.), Agricultural innovations, Agriculture, Awards",,
Das Haus der Gegenwart,"Dominik Wichmann, Andre Mühling, Enno Kapitza",2001,"Poitiers, Andre, 1959-, Architecture, Domestic -- Awards -- Germany -- Exhibitions, Architecture -- Germany -- 20th century -- Exhibitions, Architecture -- Forecasting -- Exhibitions",ger,https://covers.openlibrary.org/b/id/2238149-L.jpg
John A. Lockwood,United States. Congress. Senate. Committee on Military Affairs,,"Awards, Military decorations, United States, United States. Army",,
Richmond Pearson Hobson,United States. Congress. House. Committee on Naval Affairs,,"Awards, Bills, Private, Claims, Medal of Honor, Military decorations, Private Bills, United States, United States. Congress",,
Peras Biʾaliḳ le-sifrut yafah ule-ḥokhmat Yiśraʾel,Tel Aviv (Israel),,"Hebrew literature, History and criticism, Awards",,
Peras Biʾaliḳ shel ʻiriyat Tel-Aviv-Yafo le-sifrut yafah ule- ḥokhmat Yiśraʾel,Tel Aviv (Israel),,"Hebrew literature, History and criticism, Awards",,
Avon's bottles,Dee Schneider,,"American Bottles, Avon Products, inc, Bottles, Collectors and collecting, Sales promotion, Awards, Catalogs",,
La ville sur mesure,"Olivia Barbet-Massin, Ariella Masboungi",,"Awards, City planning, Grand prix de l'urbanisme, City planing",,
Pride of Place How England Invested £1 billion in the Arts,Alex Stetter,May 2002,"Art funding, patronage & sponsorship, Concert halls, arenas, stadia, Public Policy - Social Policy, Architecture, Art, General, Political Science",eng,https://covers.openlibrary.org/b/id/948489-L.jpg
VII premios 1992,Madrid (Spain). Ayuntamiento,,"Buildings, structures, Awards, Architecture, Exhibitions, History, Concours, Expositions, Architecture moderne, Urbanisme, Histoire",,
Ansprachen aus Anlaß der Verleihung des Friedenspreises 1995.,Annemarie Schimmel,"July 1, 1995",,ger,https://covers.openlibrary.org/b/id/3247582-L.jpg
פרס המכללה האקדמית ספיר ליצירה צעירה,Mikhlalah ha-aḳademit Sapir,,"Hebrew Short stories, Awards",,
Design juries on trial,Kathryn H. Anthony,1991,"Architectural design -- Evaluation., Architectural design -- Awards., Communication in architectural design., Jury -- Biography -- History and criticism.",eng,https://covers.openlibrary.org/b/id/4054446-L.jpg
Mushkilat taʻlīm al-lughah alʻArabīyah li-ghayr al-ʻArab,ʻAlī Ḥadīdī,,"Piano quintets, Foreign speakers, Study and teaching, Arabic language, National health services, Public health, Awards, Health Services, Social Planning, Foreign students",,
"Subcommittee hearing on H. R. 6820, to authorize the acceptance of foreign decorations for participation in the Berlin airlift",United States. Congress. House. Committee on Armed Services. Subcommittee No. 2.,,"Awards, History, Military Airlift, Military decorations, Armed Forces",,
God form i Norge,Leena Mannila,,"Catalogs, Design, History, Jacob-prisen, Awards",,
"Advertisement. Boston, January 15. 1752",Society for Encouraging Industry and Employing the Poor.,,"Spinning, Flax industry, Awards, Weaving, Agriculture, Broadsides",,
Premio del golfo,"Marzia Ratti, Eleonora Acerbi",,"Premio nazionale di pittura Golfo della Spezia, Exhibitions, Modern Painting, Italian Painting, Painting, Awards",,
Congressional Award Act Amendments of 1999,United States. Congress. Senate. Committee on Governmental Affairs.,,"Awards, Congressional Award, Congressional Award Board, Congressional Award Foundation (U.S.), Officials and employees, Youth",,
Friedenspreis des deutschen Buchhandels 2000. Ansprachen aus Anlass der Verleihung.,Assia Djebar,"November 1, 2000",,ger,https://covers.openlibrary.org/b/id/13989697-L.jpg
A case of meaningful magic,Alexander Coburn Soper,1990,,eng,https://covers.openlibrary.org/b/id/7903251-L.jpg
"Premiums offered by the Society instituted at London for the encouragement of arts, manufactures, and commerce",Royal Society of Arts (Great Britain),,"Agriculture, Awards, Art, Manufactures, Inventions, Plants",,
The Gould-Wysinger awards,Michael Goodnow,,"Awards, Juvenile corrections, Juvenile delinquents, Rehabilitation, United States, United States. Office of Juvenile Justice and Delinquency Prevention",,
Prix offerts par la Société d'agriculture de Québec,Société d'agriculture de Québec.,1985,"Quebec Agricultural Society., Agricultural exhibitions -- Québec (Province) -- Awards.",fre,https://covers.openlibrary.org/b/id/7093636-L.jpg
Uczeni Gdańska,Krystyna Kozłowska,,"Awards, Biography, Scientists",,
VIII Premios 1993,Madrid (Spain). Ayuntamiento,,"Buildings, structures, Awards, Architecture, Exhibitions, History",,
FY 1985 DOT awards to academic institutions,George K. Megerian,,"Transportation engineering, Research grants, Transportation, Research institutes, Awards",,
De best verzorgde boeken 2000 =,,,"Book design, Awards",,
Who won what when,Sandra Lee Stuart,1980,"Awards., Sports records.",eng,https://covers.openlibrary.org/b/id/4417548-L.jpg
Inventive Contributions Awards Board,United States. Congress. House. Committee on the Judiciary. Subcommittee No. 2.,,"Awards, Inventions, Technological innovations, United States, United States. Inventive Contributions Award Board, United States. Inventions Awards Board",,
Winners,Claire Walter,January 1982,"Directories, Reference",eng,https://covers.openlibrary.org/b/id/10033178-L.jpg
Premiums offered by the Quebec Agricultural Society,Quebec Agricultural Society.,1985,"Agriculture -- Societies, etc. -- Québec (Province).",eng,https://covers.openlibrary.org/b/id/7096959-L.jpg
"TACT awards, 88/89","Kānprakūat Khōtsanā Yō̜tyīam hǣng Prathēt Thai (13th 1988-1989 Bangkok, Thailand)",,"Advertising, Awards",,
"Investidura como doctor ""honoris causa"" del Excmo. Sr. D. Pedro Almodóvar Caballero",,,Awards,,
Le scritture della pietra,Vincenzo Pavan,,"Competitions, International Award Architecture in Stone, Awards, Modern Architecture, Stone buildings, Architecture, Stone Building",,
Congressional Award Foundation,United States. General Accounting Office,,"Congressional Award Foundation (U.S.), Congressional Award, Finance, Youth, Awards, Auditing",,
"Treprisen 1961, 1962, 1964, 1966, 1969, 1971, 1973, 1975, 1978, 1981, 1983, 1986",Norske arkitekters landsforbund,,"Awards, Architecture, Architects, Modern Architecture, History",,
Das Pluralistische Jahrzehnt,Peter Baum,,"Austrian Prints, Römerquelle-Kunstwettbewerb, Photography, Awards",,
Deja Blue,New York Post,2012,"Football, Awards, Football teams, JUVENILE NONFICTION, Sports & Recreation, SPORTS & RECREATION, New York Giants (Football team)",eng,https://covers.openlibrary.org/b/id/10747259-L.jpg
Hacia una nueva idea de la arquitectura,Silvia Arbaiza Blanco-Soler,,"Real Academia de Belles Artes de San Fernando, Neoclassicism (Architecture), Awards, Architecture, Exhibitions, History, Competitions, Schools of architecture, Real Academia de Bellas Artes de San Fernando",,
Nobel Lectures in Peace,,June 1999,"Other prose: from c 1900 -, Peace studies, 20th century, Politics/International Relations",eng,https://covers.openlibrary.org/b/id/5359483-L.jpg
The National Service Trust Act of 1993,United States. Congress. Senate. Committee on Labor and Human Resources.,1993,"National service -- Law and legislation -- United States, Volunteers -- Legal status, laws, etc. -- United States, Volunteer workers in education -- Awards -- United States",eng,https://covers.openlibrary.org/b/id/4582777-L.jpg
The responsibility of television towards society,European Institute for the Media.,,"Social aspects, Television stations, Awards, Carl Bertelsmann-Preis",,
Nobelevskie Laureaty XX Veka,L. L. Vasina,,"Awards, Economists, Nobel Prizes, Economics, Dictionaries, Biography, History",,
Epica Book Sixteen: Europe's Best Advertising (Epica: Europe's Best Advertising),AVA Publishing,"October 28, 2003","Advertising, Advertising industry, Graphic design, Yearbooks, annuals, almanacs, Europe, Awards, Art & Art Instruction, Art, Commercial - Advertising, Art / Commercial / Advertising, BG-COOKBKS - BG - COOKBOOKS, Advertising campaigns, Commercial art",eng,https://covers.openlibrary.org/b/id/2186363-L.jpg
"Authorizing the Coinage of 10,000,000 Medals in Commemoration of the Achievements of Col. Charles A. Lindbergh","United States. Congress. House. Committee on Coinage, Weights, and Measures",,"Awards, Monuments, Commemorative coins, Law and legislation, Officers, Medals, Armed Forces",,
New tectonics,Chor-Kheng Lim,2009,,eng,https://covers.openlibrary.org/b/id/13309878-L.jpg
Architektur in Baden-Württemberg,Christa Otto,,"Architecture, History, Hugo-Häring-Preis, Modern Architecture, Awards, Hugo-Häring Preis",,
Great library promotion ideas V,"Sandra A. Scherba, Barbara Webb, Karen Muller, Elizabeth R. Miller",,"Libraries, Public relations, Awards",,
Peras le-omanut ha-bamah,Tel Aviv (Israel),,"Theater, Art, Awards, Intellectual life",,
The Malcolm Baldrige National Quality Award,Maureen S. Heaphy,1995,"Malcolm Baldrige National Quality Award., Total quality management -- Awards -- United States.",eng,https://covers.openlibrary.org/b/id/1142361-L.jpg
Some effects of incentives,Joseph Zubin,,"Awards, Competition, Individual differences, Motivation in education",,
The Nobel Peace Prize Lecture,Jimmy Carter,"December 23, 2002","World politics, Political Science, Politics / Current Events, Politics/International Relations, Peace, Political Science / Peace, International Relations - General, Human rights",eng,https://covers.openlibrary.org/b/id/473766-L.jpg
Transformation,"Alan C. Elder, Stephen Inglis, Sandra Flood",March 1999,,eng,https://covers.openlibrary.org/b/id/4643753-L.jpg
"15th anniversary, 1970-1985, U.S. EPA Region 5",United States. Environmental Protection Agency.,,"Anniversaries, Awards, Officials and employees, United States, United States. Environmental Protection Agency. Region V",,
Sustainable design,Marie-Hélène Contal,2016,"Sustainable architecture, Awards, Architecture, Environmental aspects, Architecture durable, Prix et récompenses, Aspect de l'environnement, Urbanisme durable, Aspect environnemental","fre, eng",https://covers.openlibrary.org/b/id/12834649-L.jpg
Adolfo Suárez o el valor de la concordia,,,Awards,,
"To Authorize Lieut. Commander James C. Monfort, of the U.S. Navy, To Accept a Decoration Conferred upon Him by the Government of Italy (H.R. 3175)",United States. Congress. House. Committee on Naval Affairs,,"Awards, Decorations of honor, Law and legislation, Officers, United States, United States. Navy",,
If--then,Fernando Romero,2005,"Young Architects Forum, Architecture -- Awards -- United States, Architecture -- United States -- 21st century, Young architects -- United States",eng,https://covers.openlibrary.org/b/id/8736379-L.jpg
Jāsim al-Qaṭāmī wa-Jāʾizat Jamāl ʻAbd al-Nāṣir,Maḥmūd Ḥarbī,,"Politicians, Awards",,
John C. Reynolds,United States. Congress. Senate. Committee on Military Affairs,,"Military decorations, Distinguished Service Medal (U.S.), Awards",,
Life-saving medal to Marcus A. Jordan,United States. Congress. House,,"Lifesaving, Awards",,
"Proposed legislation--""Educational Excellence Act of 1989""",United States. President (1989-1993 : Bush),,"Academic achievement, Awards, Social policy, Education and state, Appropriations and expenditures, 1990",,
Technical Paper Contest for Women 1992,Technical Paper Contest for Women (1st 1992 Ames Research Center),,"Aerospace sciences, Females, Scientists, Awards, Engineers, Papers, NASA programs",,
For Distinguished Conduct in the Field,George A. Brown.,,Awards,,
Itinerarios 1996/97,"Convocatoria de Becas de Artes Plásticas (4th 1996-1997 Santander, Spain)",,"Art, Art, Spanish, Awards, Exhibitions, Spanish Art",,
Longfellow medal,United States. Congress. Senate. Committee on Banking and Currency,,"Awards, Coinage",,
Distinguished-flying crosses for foreign aviators,United States. Congress. Senate. Committee on Military Affairs,,"Awards, International relations",,
Prix Jules-Fournier 1990,Québec (Province). Conseil de la langue française.,,"Journalism, Awards",,
Capture the Moment,Eric Newton,"November 24, 2003",,eng,https://covers.openlibrary.org/b/id/250293-L.jpg
"Be-sodam shel ""yaḳire-Yerushalayim""",Menaḥem Barash-Roʻi,,"Awards, Biography, Jews",,
Kānsadǣng Sinlapa Khrư̄angpan Dinphao hǣng Chāt Khrang thī 2 =,Kānsadǣng Sinlapa Khrư̄angpan Dinphao hǣng Chāt (2nd 1987-1988 Mahāwitthayālai Sinlapākō̜n),,"Awards, Exhibitions, Thai Pottery",,
Exemplary practices,Canada. Industry Canada,,"Science, Study and teaching, Awards, Teachers",,
"Premis FAD, ARQ-INFAD, Arquitectura Interiorisme, 1958-2001",Margarita Kirchner,,"Premis FAD, Catalogs, Architecture, History, Awards, Competitions, Interior architecture, Interior decoration, Premios FAD (Spain)",,
Friedenspreis des Deutschen Buchhandels 1998. Ansprachen aus Anlaß der Verleihung,Martin Walser,,"Peace, German Authors, Biography, Awards, Literary prizes",,
In celebration of Canadian scientists,"Geraldine A. Kenney-Wallace, Ralph G. Stanton",,"Science, Scientists, Killiam Prizes, Awards",,
Merchant Marine Decorations and Medals Act,"United States. Congress. Senate. Committee on Commerce, Science, and Transportation.",,"Awards, Merchant marine",,
Ernst Bloch,Ernst Bloch,,"Awards, Philosophy",,
Bare facts,"Lara Schrijver, Aaron Betsky, Lucas Verweij",,"Architecture, History, AM NAi Prijs, Young architects, Awards, Architecture, netherlands, Gebouwen, Jeunes architectes, Prix et récompenses",,https:https://archive.org/download/isbn_9789056625214/page/cover_w500_h500.jpg
XII Premio Obras Cemex,"Premio Obras CEMEX (11th 2003 Monterrey, Mexico), Cemex Corp, Ariel Noriega Garcia","June 1, 2005","Architecture, Photography, Architectural & Industrial, Photography / Architectural & Industrial, General","eng, spa",https://covers.openlibrary.org/b/id/2295539-L.jpg
Die psychologische Situation bei Lohn und Strafe,"Lewin, Kurt",,"Reward (Psychology), Punishment (Psychology), Punishment, Awards, Child psychology, Child development",,
La distribution des prix,François Morvan,,"Academic achievement, Awards, History, Rewards and punishments in education, Education, Aims and objectives",,
Zhonghua Minguo bao yang ling ji.,Guo shi guan (China : Republic : 1949- ),1991,"Rewards (Prizes, etc.) -- China, Rewards (Prizes, etc.) -- Taiwan, China -- History -- Republic, 1912-1949 -- Biography, China -- Biography, Taiwan -- History -- 1945-  -- Biography, Taiwan -- Biography",chi,https://covers.openlibrary.org/b/id/5377098-L.jpg
National War Labor Board,United States. Congress. House. Committee on War Claims.,,"Awards, Expenditures, Public, Machinery industry, Minneapolis Steel and Machinery Company, Public Expenditures, Steel industry and trade",,
Physician's award,United States. President's Committee on Employment of the Handicapped.,,"Awards, Employment, Physicians, Handicapped, People with disabilities",,
Distribution of war trophies,United States. Congress. Senate. Committee on Military Affairs,,"Military decorations, World War, 1914-1918, Awards, Property, War, French spoliation claims",,
Tatort Stadt II,Gregor Langenbrinck,2005-08-15,City planning -- Germany.,"ger, eng",https://covers.openlibrary.org/b/id/8248061-L.jpg
"Hearing on H.R. 14756, To Authorize Rear Admiral Sumner E. W. Kittelle, U.S. Navy, To Accept a Decoration Conferred upon Him by the Government of Spain",United States. Congress. House. Committee on Naval Affairs,,"Awards, Decorations of honor, Law and legislation, Officers, United States, United States. Navy",,
Eminent women,Virgilia (Peterson ) Ksiezna Sapieha,,"Women in public life, Awards, Biography, Women",,
Distribution des prix année 1856-7,Séminaire de Québec .,1857,,fre,https://covers.openlibrary.org/b/id/7179635-L.jpg
"Hearing on H.R. 6466 (Mr. Romjue), Authorize Appointment and Retirement of Evelyn Briggs Baldwin",United States. Congress. House. Committee on Naval Affairs,,"Awards, Law and legislation, Legal status, laws, Officers, Promotions, Retired military personnel, Retirement, United States, United States. Navy",,
"Von Weizsäcker doctor honoris causa, Erasmus Universiteit Rotterdam =",Erasmus Universiteit Rotterdam,,"Awards, Relations",,
Commitment to Place,"Jay Farbstein, Richard Wener, Emily Axelrod","October 10, 2000","Public Policy - City Planning & Urban Dev., Politics / Current Events",eng,https://covers.openlibrary.org/b/id/5181817-L.jpg
"Advertisement. Stole or stray'd from the house of Mr. Thomas Larnard [i.e., Learned] of Watertown, on the 27th of November last, a large bay horse ..",Thomas Learned,,Awards,,
"Hearing on H.R. 9698, To Authorize Capt. W. H. Allen, U.S. Navy, To Accept the Decoration of the Order of the Bust of Bolivar from the Government of Venezuela",United States. Congress. House. Committee on Naval Affairs,,"Awards, Decorations of honor, Law and legislation, United States, United States. Navy",,
Nobel Lectures in Peace,,June 1999,"Peace studies, Postwar period, 1945 to c 2000, Politics/International Relations",eng,https://covers.openlibrary.org/b/id/5359489-L.jpg
Història de l'Institut d'Estudis Catalans,Albert Balcells,,"Education, Higher, Higher Education, History, Institut d'Estudis Catalans, Sources, Awards, Learned institutions and societies",,
Distinguished-service medals to certain persons,United States. Congress. House. Committee on Military Affairs.,,Awards,,
"Best Newspaper Writing, 2007-2008 Edition (Best Newspaper Writing) (Best Newspaper Writing)",Aly Colón,"October 18, 2007","Language Arts & Disciplines, Language Arts / Linguistics / Literacy, Literature - Classics / Criticism, Language, American - General, Essays, Nonfiction, Social Science, Journalism",eng,https://covers.openlibrary.org/b/id/2672611-L.jpg
"The One Show, Vol. 26",The One Show,"December 15, 2004","Advertising, Advertising industry, Reference works, Graphic Arts - General, Art & Art Instruction, Art, Art / General, Commercial - Advertising",eng,https://covers.openlibrary.org/b/id/1673358-L.jpg
Instructions aux juges dans les concours des fermes les mieux tenues,Conseil de l'agriculture de la Province de Québec.,1881,"Agriculture -- Prix et récompenses., Récompenses et distinctions honorifiques -- Québec (Province)., Agriculture -- Awards., Rewards (Prizes, etc.) -- Quebec (Province).",fre,https://covers.openlibrary.org/b/id/7060638-L.jpg
Prizewinning literature,Anne Strachan,1989,"English literature -- 20th century -- Bibliography., Best books -- Great Britain., Literary prizes -- Great Britain., English literature -- Awards.",eng,https://covers.openlibrary.org/b/id/4041728-L.jpg
Prudential's book of Canadian winners & heroes,Brenna Brown,,"Biography, Heroes, Awards, Success, Canada",,
Malcolm Baldridge National Quality Improvement Act of 1987,"United States. Congress. Senate. Committee on Commerce, Science, and Transportation.",,"Awards, Quality control, Quality of products",,
Nadanie Henrykowi Markiewiczowi tytułu doktora honoris causa Uniwersytetu Gdańskiego,Henryk Markiewicz,,Awards,,
Trial by jury.,"AIA Chicago, Chicago Aia",1992,Architecture -- Illinois -- Chicago -- Awards,eng,https://covers.openlibrary.org/b/id/12743220-L.jpg
Sporting glory,"Victoria and Albert Museum, London",1992,"Victoria and Albert Museum -- Catalogs., Awards -- England -- London -- Exhibitions., Sports -- Great Britain -- Awards -- Exhibitions.",eng,https://covers.openlibrary.org/b/id/11100458-L.jpg
The continuing heritage,"Esher, Lionel Brett Viscount, Lionel Esher, Lionel Gordon Baliol Brett",,"Architecture, Civic Trust, Environmental aspects, Environmental aspects of Architecture, History, Directories, Reference, Awards, Historic buildings, Conservation and restoration",,
Zhongguo jin xian dai ke ji jiang li zhi du =,Anjing Qu,,"Science, Science and state, Awards, Technology, Technology and state",,https:https://archive.org/download/zhongguojinxiand0000unse_q0m1/page/cover_w500_h500.jpg
A list of prizes and fortunate numbers in the third class of Harvard College lottery,Harvard University,,"Awards, Harvard University, Lotteries, Tables",,
A list of prizes and fortunate numbers in the first class of Harvard College lottery,Harvard University,,"Awards, Harvard University, Lotteries, Tables",,
Namen in sprachlichen Kontaktgebieten,"Friedhelm Debus, Inge Bily",2004,"OUR Brockhaus selection, German Language",ger,https://covers.openlibrary.org/b/id/5498595-L.jpg
Peace Women,"Angelika U. Reutter, Anne Ruffer",November 2004,"Peace studies, Women's studies, Non-Classifiable, Nonfiction",eng,https://covers.openlibrary.org/b/id/1038232-L.jpg
Employer profiles,United States. President's Committee on Employment of People with Disabilities.,,"People with disabilities, Employment, Vocational guidance, Personnel management, Awards",,
Great Library Promotion Ideas VI,Pyddney Jones,July 1991,"Administration - General, Library, archive & information management, Library Public Relations, Education / Teaching, Awards, Libraries, Public relations, United States, Reference",,https://covers.openlibrary.org/b/id/5143198-L.jpg
Lieutenant Governor's awards for architecture,,,"Awards, Architecture, History",,
"Scholarships, Grants & Prizes 2009","Peterson's, Peterson's (Firm : 2006- )","July 15, 2008","Student Finance, Study Aids, Reference, Test Prep, Study Aids / Financial Aid, Directories, Financial Aid",eng,https://covers.openlibrary.org/b/id/7063740-L.jpg
Providing support for the Civic Achievement Award Program in honor of the Office of Speaker of the House of Representatives,United States. Congress. Senate. Committee on Rules and Administration.,,"Awards, Civics, Education, Law and legislation, Study and teaching",,
The words of peace,Irwin Abrams,2000,"Peace., Peace -- Awards., Nobel Prizes.",eng,https://covers.openlibrary.org/b/id/1875894-L.jpg
Hearing on the Bill (H.R. 13288) To Authorize a Cash Award to William P. Flood for Beneficial Suggestions Resulting in Improvement in Naval Material,United States. Congress. House. Committee on Naval Affairs,,"Awards, Civilian employees, Design and construction, Law and legislation, Military supplies, Officials and employees, Salaries, United States, United States. Navy, United States. Navy Dept",,
58. Mostra internazionale d'arte cinematografica.,"Mostra internazionale d'arte cinematografica (58th 2001 Venice, Italy)",2001,"Motion pictures -- Competitions -- Italy -- Venice -- Catalogs., Motion pictures -- Italy -- Venice -- Awards -- Catalogs.",ita,https://covers.openlibrary.org/b/id/5450048-L.jpg
Civic Trust awards 1965,Civic Trust.,,"Architecture, Awards, Buildings, Remodeling for other use",,
"The first passive solar home awards, January 1979",Franklin Research Center.,,"Passive systems, Solar energy, Solar houses, Design and construction, Awards",,
"Award winning landscape architecture :  winners in the American Society of Landscape Architects Professional Awards Program, 1970-1974 / with introduction by Alfred B. LaGasse",American Society of Landscape Architects Foundation.,,"Awards, Landscape architecture",,
Fundación Príncipe de Asturias,Fundación Príncipe de Asturias.,,"Awards, Fundación Príncipe de Asturias, Prémios Príncipe de Astúrias",,
"Semnadt͡satai͡a vsesoi͡uznai͡a vystavka diplomnykh rabot studentov khudozhestvennykh vuzov SSSR, 1976-1977","Vsesoi͡uznai͡a vystavka diplomnykh rabot studentov khudozhestvennykh vuzov SSSR (17th 1978 Vilnius, Lithuania)",,"Art, Awards, Exhibitions, Soviet Art",,
First five years,Harvard University. Graduate School of Business Administration.,,"Advertising, Awards",,
The outstanding handicapped federal employees for 1976,United States Civil Service Commission.,,"Handicapped, Awards, Employment",,
"I. Municipalidad de Santiago y la Corporación Cultural presentan con la colaboración de su Departamento de Artes Plásticas la exposición de pintura y escultura ""Los premios nacionales de arte"" en la sala ""La Capilla"" del Teatro Municipal, 5 mayo 1976, Santiago de Chile","Corporación Cultural, Santiago de Chile. Departamento de Artes Plásticas.",,"Art, Awards, Chilean Art, Exhibitions",,
Premios y distinciones otorgados al cine mexicano,Ernesto Román,,"Awards, Motion pictures",,
Premios y distinciones nacionales e internacionales ganados por el cine cubano,María Eulalia Douglas,,"Awards, Motion pictures",,
"Premijų ir garbės vardų laureatai, 1944-1984",V. Bražinskienė,,"Awards, Catalogs, Decorations of honor",,
Naturforscher und Gestalter der Technik,Dieter Kind,1989,"Technology -- History., Engineering -- Awards -- Germany., Science -- Awards -- Germany.",ger,https://covers.openlibrary.org/b/id/8386013-L.jpg
The Emma Neal Morrison I know,Ida Howell Friday,,"Awards, Biography",,
Politics of Excellence,Robert Marc Friedman,October 2001,"History of science, Science/Mathematics, Nobel Prizes, Science, Chemistry, History, Awards, Physics",eng,https://covers.openlibrary.org/b/id/455698-L.jpg
"Gabriela Mistral, 1889-1957 (Premio Nobel, 1945) : semblanza e ininerario vital. Pablo Neruda, 1903-1973 (Premio Nobel, 1971) : cronología vivencial",Raquel Moreno de Rojo,,"Chilean poetry, Criticism and interpretation, History and criticism, Awards, Chilean Poets, Biography, Nobel Prizes",,
Ethnic book awards,Sherry York,2005,"Children's literature, American -- Bibliography., Young adult literature, American -- Bibliography., Multiculturalism in literature -- Bibliography., Ethnic groups in literature -- Bibliography., Children's literature, American -- Awards., Young adult literature, American -- Awards.",eng,https://covers.openlibrary.org/b/id/1955897-L.jpg
"Awards, Honors & Prizes: United States & Canada (Awards, Honors & Prizes: Volume 1: U. S. & Canada)",Paul Wasserman,August 1982,"Directories, Reference",eng,https://covers.openlibrary.org/b/id/5118385-L.jpg
"Epitome emblematvm panegyricorvm Academiae Altorfinae, studiosae juuentuti proposita",Universität Altdorf,,"Awards, Early works to 1800, Emblems, Medals, Universität Altdorf, Universität Altdorft",,
The most glittering prize,Harry P. Heseltine,2001,"Miles Franklin Literary Award., Australian literature -- 20th century -- Awards.",eng,https://covers.openlibrary.org/b/id/460052-L.jpg
Origin and development of the European prize medal to the end of the XVIIIth century,Herbert Justin Erlanger,,"Awards, Medals",,
"Treti Mezhdunaroden konkurs na mladi khudozhnit͡si zhivopist͡si, '85",International Competition of Young Painters (3rd 1985 Izlozhbena galerii͡a Shipka 6),,"Awards, Exhibitions, Modern Painting",,
Bravery awards for aerial combat,Alan W. Cooper,,"Awards, Biography, British Aerial operations, Conspicuous Gallantry Medal (Flying), Great Britain, Great Britain. Royal Air Force, Medals, Medals, badges, decorations, Military decorations, Non-commissioned officers, World War, 1939-1945",,
Riwayat hidup seniman dan organisasi kesenian Bali,I Gusti Bagus Arthanegara,,"Art commissions, Artists laureate, Awards, Biography",,
In the realms of gold,Keith Barker,1986,"Carnegie Medal -- History., Children's literature, English -- Awards -- History., Children -- Books and reading -- Great Britain., Literary prizes -- Great Britain -- History.",eng,https://covers.openlibrary.org/b/id/13239449-L.jpg
"Corporate environment, health & safety reward programs",Leticia Orti,,"Awards, Corporations, Environmental protection, Health promotion, Incentive awards, Industries, Safety measures",,
"Shevchenkivsʹki laureaty, 1962-2001",Mykola Labinsʹkyĭ,,"Biography, Dictionaries, Awards, Ukrainian Authors, Artists, Literary prizes, Intellectual life",,
Harriet,Kathryn Chase Merrett,,"Anecdotes, Awards, Biography, Friends and associates, History, Philanthropists, University of Alberta, Volunteers",,
The Southeast seven V,Vicki Kopf,,"American Art, Artists, Awards, Exhibitions",,
Der Hansische Goethe-Preis,Susanne Hornfeck,,"Awards, Hansischer Goethe-Preis, History, Humanities, Stiftung F.V.S. zu Hamburg",,
"Distribution solennelle des prix faite aux élèves du Collège royal de Strasbourg, le 21 août 1827, par M. le recteur de l'académie",Collège royal de Strasbourg (France),,"Awards, Collège royal de Strasbourg (France), Students",,
"Summary of awards in energy related general research, fiscal year 1975",National Science Foundation (U.S.),,"Power resources, Awards, Research",,
"Der ""Prix Montyon de physiologie expérimentale"" im 19. Jahrhundert",Niklaus Egli,,"Awards, Experimental Physiology, History",,
"Rewards for inventions, Interior department employees",United States. Congress. House. Committee on Patents,,"Awards, Inventions, Officials and employees, United States, United States. Dept. of the Interior, United States. Department of the Interior",,
"""Award for excellence in design""",Falls Church Village Preservation and Improvement Society.,,"Architecture, Awards, Conservation and restoration",,
"Avons award bottles, gifts & prizes",Dee Schneider,,"Avon Products, inc, Awards, Catalogs, Sales promotion",,
President's Club jewelry,Dee Schneider,,"Avon Products, inc, Awards, Catalogs, Sales promotion, Bottles, Collectors and collecting",,
Georges-Hébert Germain,Georges-Hébert Germain,,"Journalism, Awards",,
"Subcommittee Hearings on S. 632, To Authorize Certain Personnel and Former Personnel of the Naval Establishment To Accept Certain Gifts and a Foreign Decoration Tendered by Foreign Governments",United States. Congress. House. Committee on Armed Services. Subcommittee No. 3.,,"Awards, Military decorations, Retired military personnel",,
"The New Zealand Literary Fund, 1946-1970",New Zealand Literary Fund.,,"Awards, Literary prizes, New Zealand Literary Fund",,
Massey medals for architecture centennial competition,Royal Architectural Institute of Canada.,,"Architecture, Awards, Canada, History",,
2. Uluslararası Akşehir Nasreddin Hoca Senliği karikatürleri,"International Caricature Competition of Nasreddin Hodja 2d Akşehir, Turkey 1975.",,"Awards, Caricatures and cartoons",,
"Prix quinquennaux, 1956-1975",Fonds national de la recherche scientifique (Belgium),,"Awards, Biography, Fonds national de la recherche scientifique (Belgium), Scientists",,
Vijfjaarlijkse prijzen,Fonds national de la recherche scientifique (Belgium),,"Awards, Biography, Science, Scientists",,
"Automobile dealer education awards, 1978",Northwood Institute.,,"Automobile industry and trade, Awards, Biography, Businesspeople, Northwood Institute",,
"Automobile dealer education awards, 1979",Northwood Institute.,,"Automobile industry and trade, Awards, Biography, Businesspeople, Northwood Institute",,
"Automotive replacement education awards, 1980",Northwood Institute.,,"Automobile industry and trade, Awards, Biography, Businesspeople, Northwood Institute",,
Prémios da Secretaria de Estado da Informação e Turismo,Portugal. Secretaria de Estado da Informação e Turismo.,,Awards,,
Den dansk-norske stats stilling under krigene i Europa 1740-42,Peter Edvard Holm,,"Foreign relations, Københavns universitet, Prizes, Awards",,
"The Administrator's awards ceremony program, October 20, 1995",United States. Federal Highway Administration.,,"Awards, United States, United States. Federal Highway Administration",,
The Federal Highway Administration civil rights awards 2004,United States. Federal Highway Administration.,,"Awards, Civil rights, Officials and employees, United States, United States. Federal Highway Administration",,
"Directory of scientific, social, and literary awards in India",Subhas Chander Gandhi,,Awards,,
Competitors handbook,Robert Kendal,,"Awards, Prize contests in advertising",,
Footballer of the Year,Dennis Signy,May 1997,Soccer (Association football),,https://covers.openlibrary.org/b/id/2338379-L.jpg
The need for increased premiums and recommendations for master premium list revisions,Carol Maughn,,"Agricultural exhibitions, Agriculture, Awards, Competitions, Economic aspects",,
"Il magistero del lavoro: documenti e cronache, 1923-1953-1973",Federazione maestri del lavoro d'Italia.,,"Awards, Congresses, Federazione maestri del lavoro d'Italia, History, Incentives in industry",,
The emblems of the Altdorf Academy,Frederick John Stopp,1974,"Universität Altdorf -- Medals., Universität Altdorf -- Awards., Universität Altdorf -- Curricula -- History., College orations -- History and criticism.",eng,https://covers.openlibrary.org/b/id/14358458-L.jpg
Awards and prizes,Patricia Millard,,Awards,,
Prescription for a planet,Russell E. Train,,"Addresses, essays, lectures, Awards, Environmental health, Public health",,
Alumni directory,Columbia University. School of Library Service.,,"Alumni and alumnae, Columbia University, Columbia University. School of Library Service, Directories, Awards",,
"The Pulitzer Prizes, 1987 (Pulitzer Prizes)",Kendall J. Wills,January 1988,"Non-Classifiable, American Journalism, Literature - Classics / Criticism, Sociology",eng,https://covers.openlibrary.org/b/id/8284751-L.jpg
The Pulitzer prizes 1988,Kendall J. Wills,1988,,eng,https://covers.openlibrary.org/b/id/8171629-L.jpg
World Press Photo 2008 (World Press Photo),World Press Photo Foundation,"June 25, 2008","Photographic reportage, Photography, Photo Techniques, Photojournalism, Photography / Photojournalism",eng,https://covers.openlibrary.org/b/id/13319224-L.jpg
Bp Portrait Award 2003,A. S. Byatt,November 2003,"Exhibition catalogues and specific collections, Painting & paintings, Portraits in art, Art & Art Instruction, Art, London, Greater London, Collections, Catalogs, Exhibitions - Museum, Subjects & Themes - Portraits, Individual Artist",eng,https://covers.openlibrary.org/b/id/3005228-L.jpg
Prize contests from the inside,A. Demott Freese,,Awards,,
Architecture for Islamic Societies Today,James Steele,April 1994,"Art funding, patronage & sponsorship, Development studies, Islamic studies, Developing countries, International Architecture - Middle Eastern, Islamic Architecture, Architecture",eng,https://covers.openlibrary.org/b/id/8619104-L.jpg
Congressional recognition for acts of exceptional valor by public safety officers,United States. Congress. House. Committee on the Judiciary. Subcommittee on Crime.,1999,Police -- Awards -- United States.,eng,https://covers.openlibrary.org/b/id/4599027-L.jpg
1995 Best Newspaper Writing: Winners ,Christopher Scanlan,December 1995,"Reference, Journalistic Writing, Language Arts & Disciplines, Language, American, Composition & Creative Writing - Newspapers/Magazines, Press & journalism, Writing & editing guides, Journalism",eng,https://covers.openlibrary.org/b/id/10373130-L.jpg
3-Dimensional Illustrators Awards Annual II,Nick Greco,March 1992,"Illustration & commercial art, Commercial Art, Art, Architecture, General, Commercial - Advertising, Reference",eng,https://covers.openlibrary.org/b/id/12152044-L.jpg
Great Men and Women of Asia ,Lorna Kalaw-Tirol,2005,History - Asia,eng,https://covers.openlibrary.org/b/id/10637077-L.jpg
Performance one,David P. Crowell,,"Awards, Malcolm Baldrige National Quality Award, Quality control, Total quality management",,
3-Dimensional Illustration Awards Annual IV,Rockport Publishing,February 1994,"Graphic design, Illustration & commercial art, Yearbooks, annuals, almanacs, Commercial - Annuals, General, Commercial Art, Architecture, Art",eng,https://covers.openlibrary.org/b/id/12984463-L.jpg
Clio Awards,The Clio Awards,"April 2, 2002","Commercial - Annuals, Art, Art & Art Instruction, Graphic Arts - General, Commercial - Advertising, Advertising industry, Art / General, Graphic design",eng,https://covers.openlibrary.org/b/id/1899784-L.jpg
The Best of Newspaper Design,Society Of Newspaper Design,October 1989,,eng,https://covers.openlibrary.org/b/id/10592753-L.jpg
Best Newspaper Writing 2003 (Best Newspaper Writing),Keith Woods,"August 25, 2003","Press & journalism, Language Arts & Disciplines, Language Arts / Linguistics / Literacy, Language, USA, American - General, Journalism, Media Studies - Print Media, Literary Criticism & Collections / General",eng,https://covers.openlibrary.org/b/id/806203-L.jpg
Awards and Rewards for Grades 4-6,Carrie J. Boyko,April 1999,"Teaching Methods & Materials - General, Education / Teaching",eng,https://covers.openlibrary.org/b/id/10595633-L.jpg
Awards and Rewards for K-3,Carrie J. Boyko,April 1999,"Teaching Methods & Materials - General, Education / Teaching",eng,https://covers.openlibrary.org/b/id/9813633-L.jpg
"Chicago Chapter, American Institute of Architects, 1986 Awards Program, Chicago Aia Foundation",American Institute of Architecture,March 1987,"Exhibition Catalogs, Architecture",,https://covers.openlibrary.org/b/id/4821581-L.jpg
Designers' Handbook of Booklets & Brochures,Pamela Ivinski,May 1997,"Graphic Design, Techniques - Drawing, Antiques / Collectibles, Art, General, Graphic Arts, Reference",eng,https://covers.openlibrary.org/b/id/930528-L.jpg
On Becoming Exceptional,Mary Jean Ryan,"April 30, 2007","Business & Economics, Medical / Nursing, Business/Economics, Health Care Delivery, Business & Investing / Management, Management - General, Quality Control, Total Quality Management, Awards, Awards and Prizes, Catholic health facilities, History, Hospitals, Missouri, Saint Louis",eng,https://covers.openlibrary.org/b/id/2673215-L.jpg
Friedenspreis des deutschen Buchhandels 1999. Ansprachen aus Anlass der Verleihung,Fritz Stern,,"Awards, Peace, Historians, Biography",,
For the Honor of the School,Ralph Henry Barbour,1900,School sports -- Juvenile fiction,eng,https://covers.openlibrary.org/b/id/6682336-L.jpg
Famous literary prizes,Charlotte Ellen Murray,,"Authors, Awards, Competitions, Literature",,
How to win contest money,"Roberts, Rebecca Beatman Mrs.",,Awards,,
How to win prize contests,"Dennis, Olivia Huebner Mrs.",,Awards,,
Taler for fred,Francis Sejersted,,"Awards, Biography, Nobel Prizes, Peace",,
An historical event,"Stationers' Company (London, England)",,"Awards, Stationers' Company (London, England)",,
Premio Mercurio d'oro per un film documentario,"Venice (Province) Camera di commercio, industria ed agricoltura.",,"Awards, Documentary films",,
"Taxation of prizes, awards, and scholarships",Joseph Arkin,,"Rewards (Prizes, etc.), Scholarships, Taxation, Awards",,
La paix pour destin,Daniel Morgaine,1994,"Nobel Prizes., Peace -- Awards -- Biography., World politics -- 20th century.",fre,https://covers.openlibrary.org/b/id/2144439-L.jpg
"30 years of the ""10 best""",National Board of Review of Motion Pictures (U.S.),,"Awards, Motion pictures",,
Winning With Promotion Power,Promotion Marketing Association of America,March 1994,"Sales & marketing, Marketing - General, Business/Economics, Careers / Job Opportunities, Sales Promotion, Advertising & Promotion, Awards, Advertising, Marketing, United States",eng,https://covers.openlibrary.org/b/id/1600122-L.jpg
Quality matters,G. J. Clark,,"Awards, Quality control, Standards",,
A Century Of Heroes,Douglas R. Chambers,"October 17, 2004","American history: from c 1900 -, True stories of endurance & survival, United States - General, History - U.S., History, History: American, USA, Disaster Relief & Rescue Operations, United States - 20th Century, History / United States / 20th Century, Disasters & Disaster Relief",eng,https://covers.openlibrary.org/b/id/1560542-L.jpg
Best Songs of the Movies,John Funnell,July 2005,"Films, cinema, Vocal music, Performing Arts/Dance, History and criticism, Performing Arts, United States, Cinema/Film: Book, Songs and music, Reference, General, Songbooks - Popular, Academy Awards (Motion pictures), Motion picture music",eng,https://covers.openlibrary.org/b/id/1476391-L.jpg
European Union Prize for Contemporary Architecture,Rafael Moneo,"February 15, 2002","Architectural structure & design, 21st century, Architecture, EU (European Union), General, Art  / Architecture, Architecture / General",eng,https://covers.openlibrary.org/b/id/1048561-L.jpg
Leading your Healthcare Organization to Excellence,Patrice L. Spath,"October 1, 2004","Health Care Delivery, Hospital Administration, Medical / Hospital Administration & Care, Administration, Medical, Medical / Nursing, Awards, Malcolm Baldrige National Quality Award, Medical care, Quality control, Total quality management, United States",eng,https://covers.openlibrary.org/b/id/5178596-L.jpg
Childrens Books Awards and Prizes,Childrens Book Council,December 2005,"Reference, General",eng,https://covers.openlibrary.org/b/id/11769553-L.jpg
Wood Design Awards 2002,Don Griffith,November 2002,"Design - General, General, Design & Drafting, Domestic, Architecture",eng,https://covers.openlibrary.org/b/id/2687590-L.jpg
Teacher of the year,Rick Watson,2002,"Teacher -- Juvenile fiction., Teaching -- Awards -- Juvenile fiction.",eng,https://covers.openlibrary.org/b/id/13191586-L.jpg
"Awards, Honors & Prizes: United States and Canada (Awards, Honors, and Prizes Vol 1: United States and Canada)",Tara Atterberry,"June 2, 2006","Reference, Encyclopedias, Directories",eng,https://covers.openlibrary.org/b/id/4737824-L.jpg
The Pura Belpre Awards,Rose Zertuche Trevino,"June 30, 2006","Literary reference works, Novels, other prose & writers: from c 1900 -, Library & Information Science, General, Bio-bibliography, Language Arts & Disciplines, Spanish, Language, Latin America, Handbooks & Manuals, BelprÃ¢e Medal, Teaching Methods & Materials - Library Skills, American literature, Awards, Belprâe Medal, Children's literature, American, Hispanic American authors",eng,https://covers.openlibrary.org/b/id/637809-L.jpg
Dynamite Women,Eve Malo,"May 30, 2006","Biography/Autobiography, General, Women, Biography & Autobiography, Biography / Autobiography",eng,https://covers.openlibrary.org/b/id/1273242-L.jpg
"Literary and journalistic awards in Canada, 1923-1973 =",Canada. Statistics Canada. Fine Arts and Media Section.,,"Awards, Canadian Authors, Journalism, Journalists, Literary prizes, Registers",,
Architecture 05: The Guide to the Riba Awards (Architecture: The Guide to the Riba Awards),Tony Chapman,"February 9, 2006","Architecture, Architecture (General), Awards, Prizes (General), British Isles, Reference, 21st century, Awards, Europe, Great Britain",eng,https://covers.openlibrary.org/b/id/2059172-L.jpg
Architecture 06: The Guide to the Riba Awards (Architecture: The Guide to the Riba Awards),Tony Chapman,"April 30, 2007","Architecture (General), Architecture, British Isles, International Architecture - British, Reference, General",eng,https://covers.openlibrary.org/b/id/2059189-L.jpg
Architecture 07: The Guide to the Riba Awards (Architecture: The Guide to the Riba Awards),Tony Chapman,"December 30, 2007","General, Reference, Architecture",eng,https://covers.openlibrary.org/b/id/3011132-L.jpg
"Magill's Cinema Annual, 1982 (Magill's Cinema Annual)",Frank N. Magill,January 1983,"Films, cinema, Film & Video - Reference, Motion Pictures (General), Pop Arts / Pop Culture, Reference",eng,https://covers.openlibrary.org/b/id/9773970-L.jpg
The reward system in British and American science,Jerry Gaston,1978,"Research -- Social aspects -- United States., Research -- Social aspects -- Great Britain., Awards -- United States., Awards -- Great Britain.",eng,https://covers.openlibrary.org/b/id/9748621-L.jpg
Social policy and the health services,Eveline M. Burns,,"Awards, National health services, Public health",,
Odměňování dělníků ve stavební výrobě,Josef Vojàk,,"Awards, Construction workers",,
Historische Uhren der Schweiz,Jean Louis Martin,,"Awards, Collectors and collecting, Pocket watches, Shooting",,
Total quality management,Carolyn R. Farquhar,,"Awards, Business, Consumer satisfaction, Management, Quality control",,
Eyes Wide Open,Aidan Sullivan,"October 1, 2004","Individual photographers, Photographic reportage, Photo Essays",,https://covers.openlibrary.org/b/id/2696290-L.jpg
Alte Geschichte in neuer Zeit,Christian Meier,,"Ancient History, Awards, Biography, Ernst Hellmut Vits-Preis, Historians, Study and teaching, History",,
Architecture: Chicago,Kathleen Nagle,,"History, Architecture, Awards, American Institute of Architects. Chicago Chapter",,
Primary Awards Galore (Teacher Time-Savers Ser.),Armstrong B.,June 1985,"Activities, Family / Parenting / Childbirth, Children: Grades 1-2",eng,https://covers.openlibrary.org/b/id/12644592-L.jpg
Merchant Marine Medal Act.,United States. Congress. House. Committee on Merchant Marine and Fisheries,1920,"Awards, Merchant marine, Merchant mariners",eng,
Placemaking for Change,Richard Wener,"October 10, 2002",,,https://covers.openlibrary.org/b/id/5181821-L.jpg
Spirit of Enterprise,David William Reed,July 1987,"General, Awards, Prizes (General), Business / Economics / Finance, Awards, Inventions, Science, Business/Economics",eng,https://covers.openlibrary.org/b/id/8041947-L.jpg
Frontiers of Economics,Abu N.M. Wahid,"April 30, 2002","Economic theory & philosophy, Reference works, Business & Economics, Business / Economics / Finance, Business/Economics, Economics - Theory, Business & Economics / Economics / Theory, Economics - General, 20th century, Awards, Economics, Economists, History, Nobel Prizes",eng,https://covers.openlibrary.org/b/id/2377065-L.jpg
Restructuring the City,Vilma Hastaoglou-Martinidis,January 1999,"City & town planning - architectural aspects, Public, Commercial, or Industrial Buildings, Architecture, Design & Drafting, Planning",eng,https://covers.openlibrary.org/b/id/947078-L.jpg
60 Years of the Outland Trophy,Gene Duffey,"October 1, 2006","Football - General, Sports & Recreation",eng,https://covers.openlibrary.org/b/id/2128696-L.jpg
Mies Van Der Rohe Award 2007,Diane Gray,"November 30, 2007","Architectural structure & design, Architecture, EU (European Union), Criticism, Individual Architect, Professional Practice, Art  / Architecture",eng,https://covers.openlibrary.org/b/id/3334819-L.jpg
Insights to Performance Excellence 2004,Mark L. Blazey,April 2004,"General, Reference - General, Total Quality Management, Business & Economics, Business/Economics",eng,https://covers.openlibrary.org/b/id/2673179-L.jpg
Insights to Performance Excellence 2006,Mark L. Blazey,"April 19, 2006","Quality Control, Business & Economics, Business/Economics, Management - General, Total Quality Management",eng,https://covers.openlibrary.org/b/id/1624126-L.jpg
Insights to Excellence 1996,Mark L. Blazey,June 1996,"Management & management techniques, Production & quality control management, Yearbooks, annuals, almanacs, c 1990 to c 2000, Quality (Management), Total Quality Management (Engineering), Business / Economics / Finance, Science/Mathematics, Quality Control, Awards, Benchmarking (Management), Malcolm Baldrige National Quality Award, Total quality management, United States",eng,https://covers.openlibrary.org/b/id/12645609-L.jpg
Idn Decade Design Awards,Systems Design Limited,July 2003,"Design styles: from c 1900 -, Industrial / Commercial Art & Design, c 1990 to c 2000, Graphic Arts - General, Architecture, Art, Design & Drafting",eng,https://covers.openlibrary.org/b/id/1053360-L.jpg
Dotmov Festival 2004,IdN PRo,"July 31, 2005","Films, cinema, Performing Arts, Pop Arts / Pop Culture, Cinema/Film: Book, Film & Video - General, Film & Video - Reference, Awards, Commercial art, Computer graphics, Graphic arts","eng, jpn",https://covers.openlibrary.org/b/id/1056043-L.jpg
Puraizu,Reiko Kinoshita,,"Awards, Biography",,
The webmaster's guide to glory,Mic Miller,2001,"Awards, Design, Web sites",eng,https://covers.openlibrary.org/b/id/10642271-L.jpg
Investigación y recopilación bibliográfica,Enrique Hidalgo Mellanes,,"Awards, Premio Chiapas",,
Istoriya gosudarstva Rossijskogo v nagradakh i znakakh. V 2-kh tomakhomakh Tom 1,N. Gladkov,2004,,rus,https://covers.openlibrary.org/b/id/8671467-L.jpg
Quality Matters,G.J. Clark,"January 1, 2002","Quality Assurance (QA) & Total Quality Management (TQM), Business & Management",,https://covers.openlibrary.org/b/id/3046782-L.jpg
Architecture in Perspective 10,American Society of Architecture,April 1996,"Methods & Materials, Reference, Exhibition Catalogs, Architecture",eng,https://covers.openlibrary.org/b/id/5177686-L.jpg
Safety Incentives,Wayne G. Pardy,"May 19, 1999","Management, Occupational Safety and Health, Safety, Handbooks & Manuals, Reference, Awards, Industrial safety, Psychological aspects",eng,https://covers.openlibrary.org/b/id/3032356-L.jpg
Going Green! (Wallace and Wajid),Franzeska G. Ewart,"November 14, 2003",Fiction,,https://covers.openlibrary.org/b/id/12363077-L.jpg
Footprints,Belle Oliver Hart-Corell,1983,"Chennault, Claire Lee, 1893-1958., Chennault Award for Excellence in the Basic Sciences., United States. Air Force -- Biography., United States Air Force Academy -- Alumni and alumnae -- Biography., United Daughters of the Confederacy., United States Air Force Academy -- Awards., Generals -- United States -- Biography.",eng,https://covers.openlibrary.org/b/id/13230877-L.jpg
"42 anos de premiações nos salões oficiais, 1934-1976",Dylla Rodrigues de Siqueira,,"Awards, Brazilian Art",,
"UNESCO, principe d'universalité et prix Félix Houphouët-Boigny",René-Pierre Anouma,,"Awards, Cultural relations, Education, Educational assistance, International relations, Peace, Politics and culture, Unesco",,
Point of Purchase Design Annual Number 8,Point of Purchase Advertising Institute (POPAI),September 2001,"Advertising, Commercial Art, Art & Art Instruction, Art, Commercial - Advertising, Commercial - Annuals, Design - General",eng,https://covers.openlibrary.org/b/id/848710-L.jpg
Friedenspreis des Deutschen Buchhandels 2002. Ansprachen aus Anlaß der Verleihung.,Chinua Achebe,"November 1, 2002",,,https://covers.openlibrary.org/b/id/14088635-L.jpg
Turner Prize (Tate Gallery London),Virginia Button,"April 1, 2000","Art funding, patronage & sponsorship, History of art & design styles: from c 1900 -, Art, Art & Art Instruction, England, General, Art / General",eng,https://covers.openlibrary.org/b/id/12362766-L.jpg
"Congressional Gold Medals, 1776-2002",Stephen W. Stathis,April 2003,"Honours & decorations, POLITICS & GOVERNMENT, Reference works, Reference, Genealogy, USA, United States, Congressional Award, Questions & Answers, Awards, Congress, History, United States.",eng,https://covers.openlibrary.org/b/id/1969630-L.jpg
The Calumet Collection,Judy Marchman,"June 25, 2002","Sports, Race horses, Horse Racing, Sports & Recreation, United States, Records, History, Calumet Farm, Sports & Recreation / Horse Racing, Sports & Recreation/History, Awards, Biography, Kentucky, Lexington",eng,https://covers.openlibrary.org/b/id/842401-L.jpg
Art Directors Annual 80 (Art Directors Annual),Art Directors Club,March 2002,"Graphic design, Yearbooks, annuals, almanacs, Graphic Arts - General, Art & Art Instruction, Art, USA, Commercial - Annuals",eng,https://covers.openlibrary.org/b/id/992959-L.jpg
Byline,Andrew Macfarlane,,"Journalism, Awards",,
Inventors awards,"United States. Congress. Senate. Committee on the Judiciary. Subcommittee on Patents, Trademarks, and Copyrights.",,"Awards, Defenses, Inventions, Inventors",,
"The Oberlaender Trust, 1931-1953",Hanns Gramm,,"Awards, Endowments, Intellectual life, Oberlaender Trust, Research grants, Trusts and trustees",,
School learning,George Forlano,,"Awards, Psychology of Learning, Commerce, History",,
"Handbook of scientific and technical awards in the United States and Canada, 1900-1952.",Special Libraries Association. Science-Technology Division.,1956,"Awards -- United States., Awards -- Canada., Scientists -- United States., Technologists -- United States.","eng, ger",https://covers.openlibrary.org/b/id/7015991-L.jpg
Teatro escolar infantil,Alberto Vicarte,,"Awards, Exercises and recreations, Schools",,
Being Famous (10 Things You Need to Know About...),Jennifer Jones,August 2007,"Juvenile Social Science (General), Juvenile Nonfiction, Sociology, Children: Grades 3-4, Sociology - General, Girls & Women, Social Science - General, Awards, Fame, Social aspects",eng,https://covers.openlibrary.org/b/id/4817033-L.jpg
The Newbery and Caldecott Awards,Association for Library Service To Child,,"Children's literature, Bibliography, Illustrated children's books, Awards, Children's literature, American, Caldecott Medal, Newbery Medal, Literary prizes",,
The Compact House Book,Don Metz,,"Architecture, domestic, united states, Small houses, Designs and plans, Awards, Architect-designed houses",,
"Chicago Chapter, American Institute of Architects: 1987 Awards Program : With a Photographic Essay on the Ccaia Distinguished Building Awards",Chicago Chapter Aia,,"American Architecture, Exhibitions, Architecture, Awards, History",,
Ceramics,"Alan; Barnes, Janet; Poncelet, Jacqueline Grieve",2002,,,https://covers.openlibrary.org/b/id/12862529-L.jpg
Cinema '83,Giovanni Grazzini,,"Motion pictures, Reviews, Awards",,
Cinema '88,Giovanni Grazzini,,"Awards, Motion pictures, Reviews",,
Architecture in Perspective: A Five Year Retrospective of Award Winning Illustration (Architecture in Perspective: International Competition of Architectural Illustration),American Soc of Arch Per,,"Architecture, Architectural rendering, Exhibitions, Architectural drawing, Awards",,
Mies Van Der Rohe Award for European Architecture,Mies Van Der Rohe Foundation,,"Architecture, History, International style (Architecture), Awards, Modern Architecture, Competitions, Mies van der Rohe Award for European Architecture",,
Nobel En Economie,Regis Durand,,"Economists, Biography, Economics, Awards, Nobel Prizes",,
Rolling Stone Journalism Awards,Calif.) Rolling Stone (San Francisco,September 1992,"General, Journalistic Writing, Reference, Awards, College prose, American, Journalism, Journalism, College, United States, Sociology",,
The Prince Phillip prize for Australian design 68,Industrial Design Council of Australia.,,"Awards, Industrial Design, Manufactures, Industrial design",,
Clio Awards,PBC International,,"Advertising, yearbooks, Awards",,
How to win sweepstakes prize contests,William Danch,,"Awards, Prize contests in advertising",,
"70th annual Academy Awards, March 23, 1998",James Cameron,,"Titanic (Motion picture : 1997), Awards, Academy Awards (Motion pictures), Miniature books, Specimens",,
Honors and awards in American high schools,Shu-kuei Carol Chen,,"Awards, Competition, High schools",,
Labor de los becarios de la Comisión nacional de cultura,Argentina. Comisión Nacional de Cultura.,,"Awards, Learning and scholarship",,
"International calendar of film festivals, contests, and awards",Frank Selwyn Neusbaum,,"Awards, Film festivals, Motion pictures",,
Junge Künstler DDR/UdSSR für Frieden und Sozialismus,Neue Berliner Galerie,,"German Art, Awards, Exhibitions, Soviet Art",,
Zabytek Zadbany A.D. 2016,Joanna Piotrowska,,"Architecture, Awards, Conservation and restoration",,
Séptimo concurso nacional y segundo latinoamericano de excelencia educativa,Ecuador) Concurso de excelencia educativa (7th 2015 Quito,,"Teaching, Awards, Competitions, Teachers, Congresses, Rating of",,
GAD Awards,"Stefan Peters, Roger Riewe, Armin Stocker",,"Architecture, Awards",,
Laureaci IX/X Mie̜dzynarodowego Biennale Plakatu,Janina Fijałkowska,,"Posters, Exhibitions, Awards, German Posters, Japanese Posters, Polish Posters",,
Celebrating 25 years of independence and democracy,,,"Decorations of honor, Awards, Award presentations, Award winners",,
L'ordre des Arts et des Lettres,Régis Singer,,"Awards, History, Arts, Literature",,
Zhongguo guang bo dian shi xin wen jiang 2001 nian du xin wen jia zuo shang xi,"Ouli Jiang, Junchang Zhang, Yu Wu",2003,"Broadcast journalism, Awards",chi,https://covers.openlibrary.org/b/id/10826052-L.jpg
Holiday photographer of the year,,2008,"Vacations, Pictorial works, Photography, Awards",eng,https://covers.openlibrary.org/b/id/10636979-L.jpg
"Die Kulturpreise der Stadt Würzburg, 1965-2007",Hans-Peter Baum,,"Arts, Awards, History, Artists, Biography, Intellectual life",,
The blue book of awards,A. Gray Stephens,,"Awards, Forms, Catalogs, Municipal Awards Company (Cullman, Ala.)",,
"Zhongguo wen lian wen yi ping jiang zi liao hui bian, 1962-2002",Changqing Zhao,,"Chinese Arts, Awards, Chinese drama",,
Prêmio ARI de Jornalismo,"Vilnei Herbstrith, Antônio Goulart",,"Journalism, Awards, ARI (Association)",,
"Recipients of state cultural awards of two decades, 1979-2001",,,"Artists, Indic Authors, Arts, Awards",,
Peras yoshev-rosh ha-Keneset le-ekhut ha-ḥayim li-shenat 5752,,,"Awards, Quality of life, Human ecology, Human comfort",,
Stahl.Momente--,Reinhart Wustlich,,"Preis des Deutschen Stahlbaues, Iron and steel Building, History, Architecture, Awards",,
Vedomstvennye nagrady VChK-NKVD,A. M. Bui︠a︡kov,,"Awards, Internal security, Intelligence officers, Police, Soviet Union. Narodnyĭ komissariat vnutrennikh del, Soviet Union, Russian S.F.S.R. Chrezvychaĭnai︠a︡ komissii︠a︡ po borʹbe s kontr-revoli︠u︡t︠s︡ieĭ i sabotazhem, Russian S.F.S.R.",,
Im Lichte des Nordens,John Patrick Mikisch,,"Henrik-Steffens-Preis, History, Awards, Civilization, Alfred Toepfer Stiftung F.V.S.",,
"IV premio Comunidad de Madrid para estudiantes de arquitectura, 2001",Spain) Premio de Arquitectura Communidad de Madrid (4th 2001 Madrid,,"Apartment houses, Exhibitions, Barrier-free design, Architecture, Awards",,
Economía y Premios Nobel,Patricio León Camacho,,"Economics, Awards, Economists, Nobel Prizes, Biography, History",,
Du village de peintres à la résidence d'artistes,Isabelle de Lajarte,,"Artist colonies, Artists, Awards, History, Landscape painting, Social conditions, Worpsweder Künstlervereinigung, German Landscape painting",,
"Rājya calanacitra praśasti, 2001-2002",Karnataka (India). Vārtā Ilākhe,,"Motion pictures, Awards",,
Naked Ambition,Michael Grecco,"November 1, 2007","Photography & Photographs, Individual Photographer, Subjects & Themes - Erotica, Subjects & Themes - Landscapes, Photography, Photo Techniques",eng,https://covers.openlibrary.org/b/id/2731791-L.jpg
The Iowa Master Farmer Award history book,Iowa Master Farmer Foundation,,"Iowa Master Farmer Award, Farmers, Awards, Agriculture",,https:https://archive.org/download/isbn_9781888223828/page/cover_w500_h500.jpg
Nandi avārḍu vijētalu (1964-2004),Hec Ramēṣbābu,,"Motion picture industry, Motion pictures, Awards",,
Essl Award 2005 for Central and Southeast Europe,,,"Central European Art, Exhibitions, East European Art, Art, Awards",,
Small business innovation research,United States. Government Accountability Office,,"Small business, Research, Management, Awards, United States. Small Business Administration. Small Business Innovation Research Program, United States",,
"Concurso Nacional de Ensayos Teatrales ""Alfredo de la Guardia""","María Natacha Koss, Gabriel Fernández Chapo, Alicia Aisemberg",,"Theater, Art and literature, Awards",,
Figures futur 2006,Salon du livre de jeunesse (France),,"Children's literature, Illustrations, Exhibitions, Awards, Young artists",,
Lasting impressions,Bonfils-Stanton Foundation,2010,"Charitable uses, trusts, and foundations, Charities, Awards, History, Benefactors, Biography, Philanthropists, Bonfils-Stanton Foundation",eng,https://covers.openlibrary.org/b/id/10775793-L.jpg
"Peterson's scholarships, grants & prizes 2014",Peterson's (Firm : 2006- ),2013,"Student aid, Directories, Scholarships",eng,https://covers.openlibrary.org/b/id/10673009-L.jpg
When it matters the most,Jim Main,,"Australian football, Awards, Australian football players, Biography",,
The Weatherby Hunting and Conservation Award,Weatherby Foundation International,,"Hunting, Awards, History, Weatherby Foundation International",,
Premier og pokaler,Lauritz Opstad,,"History, Awards, Silverwork",,
Premio al Arte Joven Argentino,"Premio al Arte Joven Argentino (2nd 1995 Buenos Aires, Argentina)",,"Argentine Painting, Awards, Exhibitions, Painting, Painting, Argentine",,
Measuring up to the Baldrige,Donald C. Fisher,1994,"Malcolm Baldrige National Quality Award., Total quality management -- Awards -- United States.",eng,https://covers.openlibrary.org/b/id/9558712-L.jpg
A century of scholarship,Four Courts Press Four Courts Press,"Jan 01, 2008",,,https://covers.openlibrary.org/b/id/11134963-L.jpg
Honours and rewards in the British Empire and Commonwealth,Anthony N. Pamm,,"Titles of honor and nobility, Awards",,
A world beater,L. B. Clore & Son,1913,"Nursery stock, Catalogs, Nurseries (Horticulture), Corn, Seeds, Awards",eng,https://covers.openlibrary.org/b/id/11835747-L.jpg
CyberArts 2016 : International Compendium,"Hannes Leopoldseder, Christine Schöpf, Gerfried Stocker",,"Computer art, Computer animation, Awards, Technology and the arts, Competitions, Computer music",,
CyberArts 2018,"Hannes Leopoldseder, Gerfried Stocker, Christine Schöpf",,"Computer art, Awards, Computer animation, Technology and the arts",,
Prize medal dahlias [catalog,Forbes and Keith,1916,"Dahlias, Catalogs, Varieties, Awards, Flowers, Seeds, Nursery stock",eng,https://covers.openlibrary.org/b/id/11838732-L.jpg
"Winners of the first Presidential Awards for Design Excellence, January 30, 1985",National Endowment for the Arts. Design Arts Program,1985,"Design, Awards, Architectural design, Public buildings, City planning, Landscape architecture, Industrial design, Engineering, Graphic arts, Interior decoration",eng,https://covers.openlibrary.org/b/id/11939639-L.jpg
Industriarkitektur,Magnus Rönn,,"Architecture, Architecture, Industrial, Awards, Industrial Architecture, History",,
A grand champion,John A. Stainbrook (Firm),1917,"Corn, Awards, Catalogs, Seeds, Grain, Nursery stock",eng,https://covers.openlibrary.org/b/id/11839223-L.jpg
Prize winning peonies and other perennials,S.G. Harris (Firm),1918,"Nursery stock, Catalogs, Peonies, Awards, Perennials, Bulbs (Plants)",eng,https://covers.openlibrary.org/b/id/11840000-L.jpg
History of the Loring Prize plum,Red Wing Nursery Co,1918,"Plum, Awards, Fruit trees, Catalogs, Nursery stock, Nurseries (Horticulture)",eng,https://covers.openlibrary.org/b/id/11840021-L.jpg
"La distribuzione dei premj solennizzata sul Campidoglio li 4. Luglio 1805, dall'insigne Accademia delle belle arti pittura, scultura, ed architettura in S. Lucia",Andrea Vici,1806,"Art, Competitions, Awards, Poetry, Architecture, Sculpture, Drawing, Accademia di San Luca",ita,https://covers.openlibrary.org/b/id/11889253-L.jpg
National honor awards for facility excellence,United States Postal Service,1990,"Buildings, Post office buildings, Design and construction, Awards, United States Postal Service",eng,https://covers.openlibrary.org/b/id/11902214-L.jpg
NEA opera honors,National Endowment for the Arts,2008,"Opera, Awards",eng,https://covers.openlibrary.org/b/id/11902585-L.jpg
Presidential design awards 1988,Nicholas Backlund,1990,"Design, Awards, Architectural design, Public buildings, City planning, Landscape architecture, Industrial design, Engineering, Graphic arts, Interior decoration",eng,https://covers.openlibrary.org/b/id/11911743-L.jpg
Presidential design awards 1992,National Endowment for the Arts. Design Arts Program,1991,"Design, Awards, Architectural design, Public buildings, City planning, Landscape architecture, Industrial design, Engineering, Graphic arts, Interior decoration",eng,https://covers.openlibrary.org/b/id/11911749-L.jpg
"Ars Viva 12, 13 - Systems","Magali Arriola, Nicolaus Schafhausen, Mathieu Malouf, Felix Ruhhöfer, Kulturkreis der deutschen",,"Art, modern, 20th century, exhibitions, Art, modern, 21st century, exhibitions, Art, german, Modern Art, Exhibitions, Awards, Kulturkreis der Deutschen Wirtschaft im Bundesverband der Deutschen Industrie",,
Earth,"Prix Pictet, Kofi A. Annan",,"Global warming, Photograph collections, Artistic Photography, Awards, Documentary photography, Environmental degradation, Pictorial works, Nature, Effect of human beings on, Environmental conditions",,
CyberArts 2006 (Ars Electronica),Hatje Cantz Publishers,"November 15, 2006","Electronic & video art, Multi-Media Art, Art, Art & Art Instruction, Collections, Catalogs, Exhibitions - General, Art / Collections, Catalogs, Exhibitions, Assemblage Art","eng, mul, ger",https://covers.openlibrary.org/b/id/2238385-L.jpg
Brownie guide badge book,"Lewis, Jan",1995,,eng,https://covers.openlibrary.org/b/id/11598755-L.jpg
D&AD' 15,Designers and Art Directors Association of the United Kingdom,2015,"Commercial art, Awards",eng,https://covers.openlibrary.org/b/id/11405132-L.jpg
Honoring the Texas Water Development Board on its selection as a recipient of the Environmental Protection Agency's 2007 Clean Water State Revolving Fund Performance and Innovation Award,United States. Congress. House. Committee on Transportation and Infrastructure,,"Texas Water Development Board, Awards, Water quality management",,
Wood Design Awards 2006,,"April 30, 2007","Woodwork - General, Crafts & Hobbies, Hobbies/Crafts",eng,https://covers.openlibrary.org/b/id/11404268-L.jpg
Cyberarts 2000,"Hannes Leopoldseder, Christine Schöpf","September 27, 2000","History of art & design styles: from c 1900 -, Computers - General Information, Computer Graphics, Digital Image Processing, Computers, Computer Books: General, General, Data Transmission Systems - General, Computer Science, Art, Computer, Computeranimation, Cyber, Informatik, Kunst, Media, Media Theory, Medienkunst, Medientheorie, Computer Graphics - General","eng, ger",https://covers.openlibrary.org/b/id/998166-L.jpg
32nd Publication Design Annual,"Publication Designers, The Society of Publication Designers",October 1997,"Reference, Graphic Design, Art & Art Instruction, Art, ART030000, ART025000, Graphic Arts, Design - General",eng,https://covers.openlibrary.org/b/id/801838-L.jpg
Designs of the year 2012,Emily Pacey,2012,"Design, Awards, Art and Design",eng,https://covers.openlibrary.org/b/id/11617936-L.jpg
"Dahlia aristocrats from the Autocrat Dahlia Gardens, 1928","John Harding (Firm : Norwalk, Conn.)",1928,"Nursery stock, Catalogs, Dahlias, Seedlings, Bulbs (Plants), Nurseries (Horticulture), Awards",eng,https://covers.openlibrary.org/b/id/11842958-L.jpg
"Atti della distribuzione de'premj d'industria nella solennità del giorno onomastico di sua maestà I.R.A. Francesco Primo, IV. ottobre MDCCCXXI in Venezia",,1822,"Industries, Awards, Manufactures",ita,https://covers.openlibrary.org/b/id/11764783-L.jpg
"Atti della distribuzione de'premj d'industria nella solennità del giorno onomastico di sua maestà I.R.A. Francesco Primo, IV. ottobre MDCCCXXIII, in Venezia",,1824,"Industries, Awards, Manufactures",ita,https://covers.openlibrary.org/b/id/11764784-L.jpg
Design awards,United States. General Services Administration,1999,"Awards, Architectural design, Public buildings, Design, United States. General Services Administration, United States",eng,https://covers.openlibrary.org/b/id/11859025-L.jpg
Design for transportation national awards 2000,United States. Department of Transportation,2000,"Engineering design, Awards, Architectural design, Transportation buildings",eng,https://covers.openlibrary.org/b/id/11859047-L.jpg
"BLM reclamation and sustainable mineral development awards program, 2007",United States. Bureau of Land Management,2007,"Mineral industries, Sustainable development, Mines and mineral resources, Reclamation of land, Awards, Environmental aspects, United States. Department of the Interior, United States",eng,https://covers.openlibrary.org/b/id/11820625-L.jpg
One Show,"One Club for Art & Copy (New York, N.Y.)","January 1, 1996",Industrial / Commercial Art & Design,,https://covers.openlibrary.org/b/id/11512645-L.jpg
Le pot de nouilles,Larry Dane Brimner,2004,"Loyauté, Romans, nouvelles, etc. pour la jeunesse, Loyalty, Juvenile fiction, Contests, Friendship, Awards, Concours et compétitions, Prix et récompenses, Amitié, Fiction",fre,https://covers.openlibrary.org/b/id/11668682-L.jpg
"Dr. Robert Buermann informal, decorative, entered at Storr's, Connecticut by Reynolds Dahlia Farm, 1943 scored (83.6) E ...",N.J.) Reynolds Dahlia Farm (Lakewood,1944,"Nursery stock, Prices, Dahlias, Awards",eng,https://covers.openlibrary.org/b/id/11832776-L.jpg
Families 1000,Massachusetts. Dept. of Mental Retardation,1995,"Awards, People with mental disabilities, Massachusetts. Dept. of Mental Retardation, Massachusetts",eng,https://covers.openlibrary.org/b/id/11870118-L.jpg
In recognition of the Presidential Design Award winners,National Endowment for the Arts,1997,"Industrial design, Awards",eng,https://covers.openlibrary.org/b/id/11885524-L.jpg
"""A"" award to Logan County, Illinois",John Bicket,1943,"World War, 1939-1945, Food supply, Awards, Radio addresses, debates",eng,https://covers.openlibrary.org/b/id/11841984-L.jpg
"Continuacion de las actas de la Escuela Gratuita de las Nobles Artes, erigida con real aprobacion en la Casa Lonja de Barcelona, a expensas y baxo la direccion de la real junta de gobierno de comercio del principado de Cataluña",Josef Farriols,1803,"Art, Study and teaching, Awards, Escuela Gratuita de Diseño",spa,https://covers.openlibrary.org/b/id/11854374-L.jpg
AIGA Graphic Design USA,AIGA,December 1981,Commercial Art,,https://covers.openlibrary.org/b/id/5135059-L.jpg
A.WAY,"Jürgen Mayer H., Paul Angelier",2010,"Stadtentwicklung, Mobilität, Stadtverkehr, Utopische Architektur, Neue Medien",eng,https://covers.openlibrary.org/b/id/11592414-L.jpg
"A bill to amend the Head Start Act to provide services for younger children and their parents, the Comprehensive Child Development Act to extend the authorization of appropriations and the National and Community Service Act of 1990 to provide educational awards for early childhood development teachers, and for other purposes",United States. Congress. Senate,1993,"Law and legislation, Federal aid to early childhood education, Early childhood educators, Awards, Student aid, Head Start Program (U.S.)",eng,https://covers.openlibrary.org/b/id/11819167-L.jpg
Young Architects 21,"The Architectural League of New York, Anne Rieselbach",,"Architecture, Awards, History, Young architects, Architectural League Prize for Young Architects and Designers, Architectural League Prize for Young Architects and Designers. fast (OCoLC)fst01776258",,
"AIA Awards Program, 1985",American Institute of Architects.,,"Awards, Architects",,
CyberArts 2019,"Hannes Leopoldseder, Christine Schöpf, Gerfried Stocker",2019,,eng,https://covers.openlibrary.org/b/id/13794701-L.jpg
People and Planet,Tom Woodhouse,"December 31, 1987",,eng,https://covers.openlibrary.org/b/id/8289435-L.jpg
Prix Pictet 06,"Teneues, Prictet Group Staff",,"Photography, exhibitions, Exhibitions, Documentary photography, Awards, Artistic Photography, Environmental degradation, Pictorial works, Violence, Prix Pictet (6th : 2015)",,
Cumhurbaşkanı Sayın Süleyman Demirel'e yurtiçi ve yurtdışındaki üniversiteler tarafından verilen çeşitli paye ve unvanlar,Süleyman Demirel,,"Politics and government, Universities and colleges, Awards",,
Mirotvort͡sy,L. P. Arskai͡a,,"History, Peace movements, Awards, Pacifists, Nobel Prizes, Peace, Biography",,
In Anerkennung der Verdienste,Monika Kania,,"History, Awards",,
"Prix Pictet 2010, Growth",PRIX PICTET LTD.,,"Documentary photography, Exhibition, Nature, Pictorial works, Effect of human beings on, Environmental degradation, Environmental conditions, Artistic Photography, Exhibitions, Awards, Prix Pictet (2011), Environmental degredation",,
Seventh annual 100 unsung heroines of Massachusetts,Massachusetts Commission on the Status of Women,2010,"Women heroes, Awards",eng,https://covers.openlibrary.org/b/id/11922056-L.jpg
Ars Viva 10/11,"Friedrich Meschede, Anette Husch, Nina Canell, Markus Zimmermann",,"Art, european, Artists, europe, European Sculpture, Exhibitions, European Art, Arts, Awards",,
Honorary degrees conferred in connection with the celebration of the five-hundredth anniversary of the foundation of the University,St. Andrews University,1911,"Universities and Colleges, Higher Education, Awards",eng,https://covers.openlibrary.org/b/id/11788214-L.jpg
Toriin minʹ suld ivee,,,"National Emblems, Awards",,
SQA,,,"Total quality management, Awards, Industrial efficiency, Quality assurance, Industrial productivity",,
Saishin Kagakushō jiten 1997-2002,Nichigai Asoshiētsu,,"Science, Handbooks, manuals, Awards, Technology",,
Quest handbook,Boy Scouts of America,,"Physical fitness for children, Awards, Sports, Boy Scouts of America",,
"Nobela-nāṭya, Rabīndranātha",Anuttama Bhaṭṭācārya,,"Awards, Bengali Authors, Biography, Nobel Prizes",,
Síntesis,Ana Isabel Herce,,"Spanish Art, Exhibitions, Art, Awards, Art patronage, Empresa Nacional de Electricidad (Spain)",,
Thœ̄tthai tha phū-- rangsarit,,,Awards,,
Ėrdėniĭn ochir odon,,,"Decorations of honor, Mongolian Medals, Awards",,
"Rüdiger Ahrens, Würzburg,  Andreas Fischer, Zürich, Ulrich Suerbaum, Bochum",Max Geilinger-Stiftung,,"Max Geilinger-Preis, Literary prizes, English literature, Awards, Translations into German",,
Laureaci XII Międzynarodowego Biennale Plakatu,"Janina Fijałkowska, Jarosław Wojciechowski",,"Posters, Exhibitions, Awards",,
Laureaci XI Mie̜dzynarodowego Biennale Plakatu,"Takashi Akiyama, Janina Fijałkowska",,"Posters, Exhibitions, Awards",,
Demokratie ist keine Glücksversicherung,"Beatrice von Weizsäcker, Hildegard Hamm-Brücher",2005,"Democracy, Awards, Theodor-Heuss-Preis, History, Interviews, Politics and government, Theodor Heuss Stiftung",ger,https://covers.openlibrary.org/b/id/10747423-L.jpg
Salón Nacional de Pintura,Argentina) Salón Nacional de Pintura (3rd 2006 Buenos Aires,,"Argentine Painting, Exhibitions, Painting, Awards",,
Letras latinas bienal 2006,Museo de la Estampa y del Diseño Carlos Cruz-Diez,,"Graphic design (Typography), Awards",,
Zhan Tianyou tu mu gong cheng da jiang huo jiang gong cheng ji jin (di si jie),China) Zhongguo tu mu gong cheng xue hui (Beijing,,"Civil engineering, Awards",,
Prêmio Brasília de Artes Visuais 98,Marília Panitz,,"Brazilian Art, Exhibitions, Art, Awards",,
Salões Regionais de Artes Plásticas da Bahia,,,"Brazilian Art, Exhibitions, Art, Awards",,
"Sāhityakāra sammāna, 2001-2002",Rājasthāna Sāhitya Akādamī,,"Hindi literature, Bio-bibliography, Awards, Rājasthāna Sāhitya Akādamī",,
al-Tajdīd wa-al-taʼṣīl fī ʻimārat al-mujtamaʻāt al-Islāmīyah,Ismail Serageldin,,"Architecture, Awards, Islamic architecture, Aga Khan Award for Architecture (Organization), Modern Architecture",,
"Letters about literature, 2006",,,"Children's writings, American, Children, Books and reading, Awards, Reading promotion",,
Kto est kto,M. I. Demchuk,,"Engineers, Biography, Dictionaries, Scientists, Awards, Belaruskai︠a︡ dzi︠a︡rz︠h︡aŭnai︠a︡ palitėkhnichnai︠a︡ akadėmii︠a︡",,
Doutoramento honoris causa de José Saramago,,,Awards,,
Zukunft Stadt,Katja Thomas,,"Urban renewal, Case studies, City planning, DIFA Awards 2004, Awards, Public spaces, Urban beautification, Architecture",,
Architectural heritage,Urban Redevelopment Authority (Singapore),,"Architecture, Conservation and restoration, Awards",,
Leonberger Christian-Wagner-Preis 1996 und Christian-Wagner-Preis 1998,"Harald Hartung, Harald Hepfer",,"Christian-Wagner-Preis, Awards, German poetry",,
Architecture Canada 2010,Royal Architectural Institute of Canada,2010,"Modern Architecture, Awards, Architecture",eng,https://covers.openlibrary.org/b/id/10992635-L.jpg
British Wildlife Photography Awards,,2011,"Wildlife photography, Awards",eng,https://covers.openlibrary.org/b/id/10735944-L.jpg
The Diary of a Killercat,Anne Fine,,"Cats, Juvenile fiction, Rabbits, Human-animal relationships, Awards, Chats, Attitudes, Instinct, Humour",,https://covers.openlibrary.org/w/id/10980121-L.jpg
IF communication design award yearbook 2009,iF International Forum Design GmbH,2009,"Communication, Catalogs, Awards, Industrial design",eng,https://covers.openlibrary.org/b/id/10764930-L.jpg
The Coretta Scott King Awards,"Carole J. McCollough, Adelaide Poniatowski Phelps","Jun 03, 2019",,,https://covers.openlibrary.org/b/id/10837117-L.jpg
"1963-1993, France-Allemagne, 30 années de rapprochement et d'amitié",Association France-Allemagne.,,"Association France-Allemagne, Awards, Foreign relations, Reconciliation, Relations",,
Gute Gestaltung 15 / Good Design 15,Deutscher Designer Deutscher Designer Club (DDC),,"Design, Graphic arts, Awards, Arts, germany",,
D&AD 2012,D&AD,"Dec 01, 2012",,,https://covers.openlibrary.org/b/id/9075048-L.jpg
"Manga, anime no shōjiten",Nichigai Asoshiētsu,,"Animated films, Animēshon-Benran, Handbooks, manuals, Comic books, strips, Awards, Encyclopedias, Hyōshō-Benran, Manga-Benran",,
The 1984 Belding awards,,,"Awards, Commercial art",,
Ongaku geinōshō jiten,Nichigai Asoshiētsu,,"Arts, Awards, Ongaku-Benran, Geinō-Benran, Hyōshō-Benran",,
Ke xue ji shu jiang li zeng lun,Kunlun Yao,,"Science, History, Awards, Technology, Research",,https:https://archive.org/download/kexuejishujiangl0000yaok/page/cover_w500_h500.jpg
Zheng fu chuang xin de Zhongguo jing yan,Keping Yu,,"Politics and government, Awards, Local government",,
ABC ... design,France) Observeur du design (Exhibition) (12 2011/2012 Paris,,"Industrial design, Awards, Exhibitions, History",,
Best highrises 2014/15,"Peter Körner, Peter Cachola Schmal, Corinne Elsesser, Josephine Cordero Sapien, Jeremy Gaines, Mary Dobrian, Ulrike Bischoff",2014,"Awards, Skyscrapers",ger,https://covers.openlibrary.org/b/id/13867876-L.jpg
Luis García de Arellano,Octavio Herrera Pérez,,"Politics and government, Awards, Political science",,
Dentro e fuori luogo,,,"Italian Art, Catalogs, Art, Awards",,
Contrast en samenhang,,,"Architecture, Gouden Piramide (Award), History, Awards, City planning, Competitions",,https:https://archive.org/download/isbn_9789064507182/page/cover_w500_h500.jpg
Nihon no shō jiten,Nichigai Asoshiētsu,,"Awards, Handbooks, manuals, History, Hyōshō-Benran",,
Award winners,Ram Dhamija,,"Indic Art, Catalogs, Awards, Artists, Biography",,
Saishin Bunkashō jiten,Nichigai Asoshiētsu,,"Bunka kunshō, Awards, Humanities, Hyōshō-Benran, Social sciences, Handbooks, manuals, History",,
Spannungen,,,"Sculpture, Awards, Exhibitions, German Sculpture, Modern Sculpture",,
Zhongguo ren min jie fang jun ying xiong mo fan dai biao hui yi ji nian ce,China. Zhongguo ren min jie fang jun. Zong zheng zhi bu. Zu zhi bu,,"China. Zhongguo ren min jie fang jun, China, Awards",,
Kagakushō jiten,Nichigai Asoshiētsu,,"Science, Awards, Technology, Handbooks, manuals, Handbooks, mannuals",,
Asahi Kōkokushō 35-nen no kiroku,,,"Awards, Advertising, History",,
"200 Jahre Berliner Universität, 200 Jahre Berliner Germanistik, 1810-2010 (Teil III)","Brigitte Peters, Erhard H. Schütz",,"Friedrich-Wilhelms-Universität Berlin, Higher Education, Universities and colleges, History, Education, higher, germany, German language, study and teaching, German literature, Awards",,
Ongaku geinōshō jiten,Nichigai Asoshiētsu,,"Arts, Awards",,
Widerreden,Stephan Füssel,,"Friedenspreis des Deutschen Buchhandels, Exhibitions, History, Peace, Awards, Literary prizes, Börsenverein des Deutschen Buchhandels, Science, Art",,
"Rūpavāhinī Rājya Sammāna Uḷela, 2013",Sri Lanka) Rūpavāhinī Rājya Sammāna Uḷela (10th 2014 Colombo,,"Television, Awards",,
Xie zai xian hong di dang qi shang,,,"Awards, Zhongguo gong chan dang",,
Allminanner ...,Rudolf Post,,"German Dialect poetry, Competitions, Pfälzischer Mundartdichterwettstreit in Bockenheim an der Weinstrasse, German poetry, Literary prizes, Indexes, History, Statistics, Poetry, Awards, Pfälzischer Mundartdichterwettstreit (Bockenheim an der Weinstrasse, Germany), Pfalzischer Mundartdichterwettstreit in Bockenhreim an der Weinstrasse",,
"Saishin kagakusho jiten, 2008-2012",Nichigai Asoshietsu,,"Science, Handbooks, manuals, Awards, Technology",,
Mimed 2010,Mimarlık Eğitimi Derneği,,"Architecture students, Awards, Competitions",,
National Photographic Portrait Prize 2011,Sarah Engledow,,"Portrait photography, Exhibitions, Awards",,
Rabīndranāthera Nobela prāptira itibr̥tta,Durgāpada Caṭṭopādhyāẏa,,"Awards, Bengali Poets, Biography, Nobel Prize winners",,
"Zou ba zou ba, wo men chu gui qu",Jieping Yuan,,"Advertising, Awards, Creative ability",,
"Jeugdgedichten, tekeningen, beeldhouwerkjes, handwerkjes en muziekkomposities",A. de Busschere,,"Children's art, Awards, Modern Arts, Child artists",,
V Premio Casiopea,,,"Spanish Short stories, Travelers' writings, Spanish, Women travelers, Fiction, Travelers' writings, Awards, Women authors, Literary prizes",,
Pooshchritelʹnai︠a︡ pravovai︠a︡ politika,"A. V. Malʹko, R. V. Puzikov",,"Decorations of honor, Law and legislation, Awards, Medals",,
Laureaci Nagród Światowego Dnia Poezji UNESCO,,,"Polish poetry, Awards",,
SZOT-díjasok,Ödön Kulcsár,,"Arts, Awards, Szakszervezetek Országos Tanácsa, Biography, Artists",,
The nominees,"Renate Wiehager, Bongi Dhlomo-Mautloa, Paul Edmunds",,"Community arts projects, Awards, Public art, Modern Art, Exhibitions",,
The Use of economic incentives and public education to increase seat belt use in a community,B. J. Campbell,,"Automobiles, Study and teaching, Awards, Public service Advertising, Traffic safety, Seat belts",,
Preise und Preisträger der Stadt Wien,,,"Awards, Biography",,
"Arte moderna portuguesa através dos prémios artísticos do S.N.I., 1935-1948",,,"Awards, Portuguese Art",,
"Souvenir, 1982, 7th State Film Award Festival",Dhirendranath Patnaik,,"Motion pictures, Motion picture industry, Awards",,
Svenskt glas '83,Helena Dahlbäck-Lutteman,,"Glassware, Awards, Exhibitions, History",,
Premio del Golfo,Marzia Ratti,,"Centro di arte moderna e contemporanea della Spezia, Catalogs, Premio nazionale di pittura ""Golfo della Spezia"", Painting, Awards, Italian Painting, History",,
